id,Оператор,Есть ли Интернет,Состав ДХ
3244,Подключен только к Триколор ТВ,Есть,Есть члены семьи в возрасте 55+ лет и нет до 18 лет
3245,Подключен только к Триколор ТВ,Есть,Есть члены семьи в возрасте 55+ лет и нет до 18 лет
3246,Подключен только к Триколор ТВ,Нет,Есть члены семьи в возрасте 55+ лет и нет до 18 лет
3247,Подключен только к Триколор ТВ,Есть,Нет членов семьи в возрасте 55+ лет и есть до 18 лет
3248,Подключен только к Триколор ТВ,Нет,Есть члены семьи в возрасте 55+ лет и нет до 18 лет
3249,Подключен только к Триколор ТВ,Нет,Есть члены семьи в возрасте 55+ лет и нет до 18 лет
3250,Подключен только к Триколор ТВ,Нет,Есть члены семьи в возрасте 55+ лет и нет до 18 лет
3251,Подключен только к Триколор ТВ,Есть,Нет членов семьи в возрасте 55+ лет и есть до 18 лет
3252,Подключен только к Триколор ТВ,Есть,Нет членов семьи в возрасте 55+ лет и нет до 18 лет
3253,Подключен только к Триколор ТВ,Нет,Есть члены семьи в возрасте 55+ лет и нет до 18 лет
3254,Подключен только к Триколор ТВ,Нет,Есть члены семьи в возрасте 55+ лет и нет до 18 лет
3255,Подключен только к Триколор ТВ,Нет,Есть члены семьи в возрасте 55+ лет и нет до 18 лет
3256,Подключен только к Триколор ТВ,Есть,Нет членов семьи в возрасте 55+ лет и нет до 18 лет
3257,Подключен только к Триколор ТВ,Есть,Нет членов семьи в возрасте 55+ лет и нет до 18 лет
3258,Подключен только к Триколор ТВ,Нет,Нет членов семьи в возрасте 55+ лет и нет до 18 лет
3259,Подключен только к Триколор ТВ,Нет,Нет членов семьи в возрасте 55+ лет и есть до 18 лет
3260,Подключен только к Триколор ТВ,Есть,Есть члены семьи в возрасте 55+ лет и нет до 18 лет
3261,Подключен только к Триколор ТВ,Нет,Нет членов семьи в возрасте 55+ лет и есть до 18 лет
3262,Подключен только к Триколор ТВ,Есть,Нет членов семьи в возрасте 55+ лет и нет до 18 лет
3263,Подключен только к Триколор ТВ,Есть,Нет членов семьи в возрасте 55+ лет и нет до 18 лет
3264,Подключен только к Триколор ТВ,Нет,Есть члены семьи в возрасте 55+ лет и нет до 18 лет
3265,Подключен только к Триколор ТВ,Есть,Нет членов семьи в возрасте 55+ лет и нет до 18 лет
3266,Подключен к Триколор ТВ и к другому оператору спутникового/кабельного ТВ,Есть,Есть члены семьи в возрасте 55+ лет и нет до 18 лет
3267,Подключен только к Триколор ТВ,Есть,Есть члены семьи в возрасте 55+ лет и есть до 18 лет
3268,Подключен только к Триколор ТВ,Есть,Есть члены семьи в возрасте 55+ лет и есть до 18 лет
3269,Подключен только к Триколор ТВ,Нет,Есть члены семьи в возрасте 55+ лет и нет до 18 лет
3270,Подключен только к Триколор ТВ,Есть,Нет членов семьи в возрасте 55+ лет и нет до 18 лет
3271,Подключен только к Триколор ТВ,Есть,Есть члены семьи в возрасте 55+ лет и нет до 18 лет
3272,Подключен только к Триколор ТВ,Есть,Есть члены семьи в возрасте 55+ лет и нет до 18 лет
3273,Подключен только к Триколор ТВ,Есть,Нет членов семьи в возрасте 55+ лет и нет до 18 лет
3274,Подключен только к Триколор ТВ,Есть,Есть члены семьи в возрасте 55+ лет и нет до 18 лет
3275,Подключен только к Триколор ТВ,Нет,Есть члены семьи в возрасте 55+ лет и нет до 18 лет
3276,Подключен к Триколор ТВ и к другому оператору спутникового/кабельного ТВ,Есть,Есть члены семьи в возрасте 55+ лет и нет до 18 лет
3277,Подключен только к Триколор ТВ,Нет,Есть члены семьи в возрасте 55+ лет и нет до 18 лет
3278,Подключен только к Триколор ТВ,Есть,Нет членов семьи в возрасте 55+ лет и есть до 18 лет
3279,Подключен только к Триколор ТВ,Есть,Есть члены семьи в возрасте 55+ лет и нет до 18 лет
3280,Подключен только к Триколор ТВ,Есть,Нет членов семьи в возрасте 55+ лет и нет до 18 лет
3281,Подключен только к Триколор ТВ,Есть,Есть члены семьи в возрасте 55+ лет и нет до 18 лет
3282,Подключен только к Триколор ТВ,Есть,Нет членов семьи в возрасте 55+ лет и нет до 18 лет
3283,Подключен только к Триколор ТВ,Нет,Нет членов семьи в возрасте 55+ лет и есть до 18 лет
3284,Подключен только к Триколор ТВ,Есть,Есть члены семьи в возрасте 55+ лет и нет до 18 лет
3285,Подключен только к Триколор ТВ,Есть,Нет членов семьи в возрасте 55+ лет и есть до 18 лет
3286,Подключен только к Триколор ТВ,Нет,Нет членов семьи в возрасте 55+ лет и нет до 18 лет
3287,Подключен только к Триколор ТВ,Есть,Нет членов семьи в возрасте 55+ лет и есть до 18 лет
3288,Подключен только к Триколор ТВ,Есть,Есть члены семьи в возрасте 55+ лет и нет до 18 лет
3289,Подключен только к Триколор ТВ,Есть,Нет членов семьи в возрасте 55+ лет и нет до 18 лет
3290,Подключен только к Триколор ТВ,Нет,Нет членов семьи в возрасте 55+ лет и есть до 18 лет
3291,Подключен только к Триколор ТВ,Есть,Нет членов семьи в возрасте 55+ лет и нет до 18 лет
3292,Подключен только к Триколор ТВ,Есть,Нет членов семьи в возрасте 55+ лет и есть до 18 лет
3293,Подключен только к Триколор ТВ,Есть,Нет членов семьи в возрасте 55+ лет и есть до 18 лет
3294,Подключен только к Триколор ТВ,Есть,Нет членов семьи в возрасте 55+ лет и есть до 18 лет
3295,Подключен только к Триколор ТВ,Есть,Есть члены семьи в возрасте 55+ лет и нет до 18 лет
3296,Подключен только к Триколор ТВ,Есть,Нет членов семьи в возрасте 55+ лет и есть до 18 лет
3297,Подключен только к Триколор ТВ,Есть,Нет членов семьи в возрасте 55+ лет и есть до 18 лет
3298,Подключен только к Триколор ТВ,Есть,Есть члены семьи в возрасте 55+ лет и нет до 18 лет
3299,Подключен только к Триколор ТВ,Есть,Нет членов семьи в возрасте 55+ лет и нет до 18 лет
3300,Подключен к Триколор ТВ и к другому оператору спутникового/кабельного ТВ,Есть,Нет членов семьи в возрасте 55+ лет и есть до 18 лет
3301,Подключен только к Триколор ТВ,Есть,Нет членов семьи в возрасте 55+ лет и есть до 18 лет
3302,Подключен только к Триколор ТВ,Нет,Есть члены семьи в возрасте 55+ лет и нет до 18 лет
3303,Подключен только к Триколор ТВ,Есть,Есть члены семьи в возрасте 55+ лет и нет до 18 лет
3304,Подключен к Триколор ТВ и к другому оператору спутникового/кабельного ТВ,Есть,Нет членов семьи в возрасте 55+ лет и нет до 18 лет
3305,Подключен только к Триколор ТВ,Есть,Есть члены семьи в возрасте 55+ лет и нет до 18 лет
3306,Подключен только к Триколор ТВ,Есть,Есть члены семьи в возрасте 55+ лет и нет до 18 лет
3307,Подключен только к Триколор ТВ,Есть,Есть члены семьи в возрасте 55+ лет и нет до 18 лет
3308,Подключен только к Триколор ТВ,Нет,Есть члены семьи в возрасте 55+ лет и есть до 18 лет
3309,Подключен только к Триколор ТВ,Есть,Нет членов семьи в возрасте 55+ лет и есть до 18 лет
3310,Подключен только к Триколор ТВ,Есть,Нет членов семьи в возрасте 55+ лет и нет до 18 лет
3311,Подключен только к Триколор ТВ,Нет,Нет членов семьи в возрасте 55+ лет и есть до 18 лет
3312,Подключен только к Триколор ТВ,Есть,Нет членов семьи в возрасте 55+ лет и есть до 18 лет
3313,Подключен к Триколор ТВ и к другому оператору спутникового/кабельного ТВ,Есть,Нет членов семьи в возрасте 55+ лет и нет до 18 лет
3314,Подключен только к Триколор ТВ,Есть,Нет членов семьи в возрасте 55+ лет и есть до 18 лет
3315,Подключен только к Триколор ТВ,Есть,Есть члены семьи в возрасте 55+ лет и нет до 18 лет
3316,Подключен только к Триколор ТВ,Нет,Нет членов семьи в возрасте 55+ лет и есть до 18 лет
3317,Подключен только к Триколор ТВ,Есть,Есть члены семьи в возрасте 55+ лет и нет до 18 лет
3318,Подключен только к Триколор ТВ,Есть,Нет членов семьи в возрасте 55+ лет и нет до 18 лет
3319,Подключен только к Триколор ТВ,Нет,Есть члены семьи в возрасте 55+ лет и нет до 18 лет
3320,Подключен только к Триколор ТВ,Есть,Есть члены семьи в возрасте 55+ лет и нет до 18 лет
3321,Подключен только к Триколор ТВ,Есть,Нет членов семьи в возрасте 55+ лет и есть до 18 лет
3322,Подключен только к Триколор ТВ,Нет,Есть члены семьи в возрасте 55+ лет и нет до 18 лет
3323,Подключен только к Триколор ТВ,Есть,Нет членов семьи в возрасте 55+ лет и нет до 18 лет
3324,Подключен только к Триколор ТВ,Нет,Нет членов семьи в возрасте 55+ лет и нет до 18 лет
3325,Подключен только к Триколор ТВ,Есть,Нет членов семьи в возрасте 55+ лет и нет до 18 лет
3326,Подключен только к Триколор ТВ,Нет,Нет членов семьи в возрасте 55+ лет и нет до 18 лет
3327,Подключен только к Триколор ТВ,Нет,Есть члены семьи в возрасте 55+ лет и нет до 18 лет
3328,Подключен только к Триколор ТВ,Нет,Есть члены семьи в возрасте 55+ лет и нет до 18 лет
3329,Подключен только к Триколор ТВ,Есть,Нет членов семьи в возрасте 55+ лет и есть до 18 лет
3330,Подключен только к Триколор ТВ,Есть,Есть члены семьи в возрасте 55+ лет и нет до 18 лет
3331,Подключен только к Триколор ТВ,Есть,Нет членов семьи в возрасте 55+ лет и есть до 18 лет
3332,Подключен к Триколор ТВ и к другому оператору спутникового/кабельного ТВ,Нет,Есть члены семьи в возрасте 55+ лет и нет до 18 лет
3333,Подключен только к Триколор ТВ,Есть,Нет членов семьи в возрасте 55+ лет и есть до 18 лет
3334,Подключен только к Триколор ТВ,Нет,Нет членов семьи в возрасте 55+ лет и есть до 18 лет
3335,Подключен только к Триколор ТВ,Есть,Нет членов семьи в возрасте 55+ лет и есть до 18 лет
3336,Подключен только к Триколор ТВ,Есть,Есть члены семьи в возрасте 55+ лет и есть до 18 лет
3337,Подключен только к Триколор ТВ,Есть,Нет членов семьи в возрасте 55+ лет и есть до 18 лет
3338,Подключен только к Триколор ТВ,Нет,Нет членов семьи в возрасте 55+ лет и есть до 18 лет
3339,Подключен только к Триколор ТВ,Нет,Есть члены семьи в возрасте 55+ лет и нет до 18 лет
3340,Подключен только к Триколор ТВ,Нет,Есть члены семьи в возрасте 55+ лет и нет до 18 лет
3341,Подключен только к Триколор ТВ,Нет,Есть члены семьи в возрасте 55+ лет и нет до 18 лет
3342,Подключен только к Триколор ТВ,Нет,Есть члены семьи в возрасте 55+ лет и нет до 18 лет
3343,Подключен только к Триколор ТВ,Есть,Есть члены семьи в возрасте 55+ лет и нет до 18 лет
3344,Подключен к Триколор ТВ и к другому оператору спутникового/кабельного ТВ,Есть,Есть члены семьи в возрасте 55+ лет и нет до 18 лет
3345,Подключен только к Триколор ТВ,Нет,Есть члены семьи в возрасте 55+ лет и нет до 18 лет
3346,Подключен только к Триколор ТВ,Есть,Есть члены семьи в возрасте 55+ лет и нет до 18 лет
3347,Подключен только к Триколор ТВ,Есть,Есть члены семьи в возрасте 55+ лет и нет до 18 лет
3348,Подключен только к Триколор ТВ,Есть,Нет членов семьи в возрасте 55+ лет и есть до 18 лет
3349,Подключен только к Триколор ТВ,Нет,Нет членов семьи в возрасте 55+ лет и нет до 18 лет
3350,Подключен только к Триколор ТВ,Нет,Нет членов семьи в возрасте 55+ лет и есть до 18 лет
3351,Подключен только к Триколор ТВ,Есть,Нет членов семьи в возрасте 55+ лет и нет до 18 лет
3352,Подключен только к Триколор ТВ,Есть,Нет членов семьи в возрасте 55+ лет и нет до 18 лет
3353,Подключен только к Триколор ТВ,Есть,Есть члены семьи в возрасте 55+ лет и нет до 18 лет
3354,Подключен только к Триколор ТВ,Есть,Нет членов семьи в возрасте 55+ лет и есть до 18 лет
3355,Подключен только к Триколор ТВ,Есть,Нет членов семьи в возрасте 55+ лет и нет до 18 лет
3356,Подключен только к Триколор ТВ,Есть,Есть члены семьи в возрасте 55+ лет и нет до 18 лет
3357,Подключен к Триколор ТВ и к другому оператору спутникового/кабельного ТВ,Есть,Есть члены семьи в возрасте 55+ лет и нет до 18 лет
3358,Подключен только к Триколор ТВ,Есть,Нет членов семьи в возрасте 55+ лет и нет до 18 лет
3359,Подключен только к Триколор ТВ,Есть,Нет членов семьи в возрасте 55+ лет и нет до 18 лет
3360,Подключен только к Триколор ТВ,Есть,Нет членов семьи в возрасте 55+ лет и есть до 18 лет
3361,Подключен только к Триколор ТВ,Есть,Нет членов семьи в возрасте 55+ лет и нет до 18 лет
3362,Подключен только к Триколор ТВ,Есть,Есть члены семьи в возрасте 55+ лет и есть до 18 лет
3363,Подключен только к Триколор ТВ,Есть,Есть члены семьи в возрасте 55+ лет и нет до 18 лет
3364,Подключен только к Триколор ТВ,Есть,Нет членов семьи в возрасте 55+ лет и есть до 18 лет
3365,Подключен только к Триколор ТВ,Есть,Нет членов семьи в возрасте 55+ лет и нет до 18 лет
3366,Подключен только к Триколор ТВ,Нет,Есть члены семьи в возрасте 55+ лет и нет до 18 лет
3367,Подключен к Триколор ТВ и к другому оператору спутникового/кабельного ТВ,Есть,Есть члены семьи в возрасте 55+ лет и нет до 18 лет
3368,Подключен только к Триколор ТВ,Нет,Нет членов семьи в возрасте 55+ лет и есть до 18 лет
3369,Подключен только к Триколор ТВ,Есть,Нет членов семьи в возрасте 55+ лет и есть до 18 лет
3370,Подключен только к Триколор ТВ,Есть,Есть члены семьи в возрасте 55+ лет и нет до 18 лет
3371,Подключен только к Триколор ТВ,Нет,Есть члены семьи в возрасте 55+ лет и нет до 18 лет
3372,Подключен только к Триколор ТВ,Есть,Есть члены семьи в возрасте 55+ лет и нет до 18 лет
3373,Подключен к Триколор ТВ и к другому оператору спутникового/кабельного ТВ,Есть,Нет членов семьи в возрасте 55+ лет и нет до 18 лет
3374,Подключен только к Триколор ТВ,Есть,Нет членов семьи в возрасте 55+ лет и нет до 18 лет
3375,Подключен только к Триколор ТВ,Есть,Нет членов семьи в возрасте 55+ лет и есть до 18 лет
3376,Подключен только к Триколор ТВ,Есть,Нет членов семьи в возрасте 55+ лет и есть до 18 лет
3377,Подключен только к Триколор ТВ,Нет,Нет членов семьи в возрасте 55+ лет и есть до 18 лет
3378,Подключен к Триколор ТВ и к другому оператору спутникового/кабельного ТВ,Есть,Нет членов семьи в возрасте 55+ лет и есть до 18 лет
3379,Подключен только к Триколор ТВ,Есть,Нет членов семьи в возрасте 55+ лет и есть до 18 лет
3380,Подключен только к Триколор ТВ,Нет,Есть члены семьи в возрасте 55+ лет и нет до 18 лет
3381,Подключен только к Триколор ТВ,Есть,Нет членов семьи в возрасте 55+ лет и нет до 18 лет
3382,Подключен только к Триколор ТВ,Есть,Нет членов семьи в возрасте 55+ лет и нет до 18 лет
3383,Подключен только к Триколор ТВ,Есть,Есть члены семьи в возрасте 55+ лет и нет до 18 лет
3384,Подключен только к Триколор ТВ,Есть,Есть члены семьи в возрасте 55+ лет и нет до 18 лет
3385,Подключен только к Триколор ТВ,Есть,Есть члены семьи в возрасте 55+ лет и нет до 18 лет
3386,Подключен только к Триколор ТВ,Есть,Есть члены семьи в возрасте 55+ лет и есть до 18 лет
3387,Подключен только к Триколор ТВ,Есть,Нет членов семьи в возрасте 55+ лет и есть до 18 лет
3388,Подключен только к Триколор ТВ,Есть,Есть члены семьи в возрасте 55+ лет и нет до 18 лет
3389,Подключен только к Триколор ТВ,Нет,Есть члены семьи в возрасте 55+ лет и нет до 18 лет
3390,Подключен только к Триколор ТВ,Есть,Нет членов семьи в возрасте 55+ лет и есть до 18 лет
3391,Подключен только к Триколор ТВ,Есть,Нет членов семьи в возрасте 55+ лет и есть до 18 лет
3392,Подключен только к Триколор ТВ,Есть,Нет членов семьи в возрасте 55+ лет и есть до 18 лет
3393,Подключен только к Триколор ТВ,Есть,Есть члены семьи в возрасте 55+ лет и нет до 18 лет
3394,Подключен только к Триколор ТВ,Нет,Есть члены семьи в возрасте 55+ лет и нет до 18 лет
3395,Подключен только к Триколор ТВ,Есть,Нет членов семьи в возрасте 55+ лет и есть до 18 лет
3396,Подключен только к Триколор ТВ,Есть,Нет членов семьи в возрасте 55+ лет и нет до 18 лет
3397,Подключен только к Триколор ТВ,Есть,Есть члены семьи в возрасте 55+ лет и нет до 18 лет
3398,Подключен только к Триколор ТВ,Есть,Нет членов семьи в возрасте 55+ лет и есть до 18 лет
3399,Подключен только к Триколор ТВ,Есть,Есть члены семьи в возрасте 55+ лет и нет до 18 лет
3400,Подключен только к Триколор ТВ,Нет,Нет членов семьи в возрасте 55+ лет и есть до 18 лет
3401,Подключен только к Триколор ТВ,Нет,Нет членов семьи в возрасте 55+ лет и есть до 18 лет
3402,Подключен только к Триколор ТВ,Есть,Есть члены семьи в возрасте 55+ лет и нет до 18 лет
3403,Подключен только к Триколор ТВ,Нет,Есть члены семьи в возрасте 55+ лет и нет до 18 лет
3404,Подключен только к Триколор ТВ,Есть,Нет членов семьи в возрасте 55+ лет и есть до 18 лет
3405,Подключен только к Триколор ТВ,Нет,Нет членов семьи в возрасте 55+ лет и есть до 18 лет
3406,Подключен только к Триколор ТВ,Есть,Есть члены семьи в возрасте 55+ лет и нет до 18 лет
3407,Подключен к Триколор ТВ и к другому оператору спутникового/кабельного ТВ,Есть,Есть члены семьи в возрасте 55+ лет и нет до 18 лет
3408,Подключен только к Триколор ТВ,Есть,Есть члены семьи в возрасте 55+ лет и нет до 18 лет
3409,Подключен только к Триколор ТВ,Нет,Есть члены семьи в возрасте 55+ лет и нет до 18 лет
3410,Подключен только к Триколор ТВ,Есть,Нет членов семьи в возрасте 55+ лет и есть до 18 лет
3411,Подключен только к Триколор ТВ,Нет,Нет членов семьи в возрасте 55+ лет и есть до 18 лет
3412,Подключен к Триколор ТВ и к другому оператору спутникового/кабельного ТВ,Есть,Нет членов семьи в возрасте 55+ лет и есть до 18 лет
3413,Подключен только к Триколор ТВ,Есть,Есть члены семьи в возрасте 55+ лет и нет до 18 лет
3414,Подключен только к Триколор ТВ,Есть,Нет членов семьи в возрасте 55+ лет и нет до 18 лет
3415,Подключен только к Триколор ТВ,Есть,Нет членов семьи в возрасте 55+ лет и есть до 18 лет
3416,Подключен только к Триколор ТВ,Нет,Есть члены семьи в возрасте 55+ лет и нет до 18 лет
3417,Подключен только к Триколор ТВ,Есть,Нет членов семьи в возрасте 55+ лет и есть до 18 лет
3418,Подключен только к Триколор ТВ,Есть,Есть члены семьи в возрасте 55+ лет и есть до 18 лет
3419,Подключен только к Триколор ТВ,Есть,Есть члены семьи в возрасте 55+ лет и нет до 18 лет
3420,Подключен только к Триколор ТВ,Есть,Есть члены семьи в возрасте 55+ лет и есть до 18 лет
3421,Подключен только к Триколор ТВ,Есть,Нет членов семьи в возрасте 55+ лет и есть до 18 лет
3422,Подключен только к Триколор ТВ,Есть,Нет членов семьи в возрасте 55+ лет и есть до 18 лет
3423,Подключен только к Триколор ТВ,Нет,Есть члены семьи в возрасте 55+ лет и нет до 18 лет
3424,Подключен только к Триколор ТВ,Есть,Есть члены семьи в возрасте 55+ лет и нет до 18 лет
3425,Подключен только к Триколор ТВ,Нет,Есть члены семьи в возрасте 55+ лет и нет до 18 лет
3426,Подключен только к Триколор ТВ,Есть,Нет членов семьи в возрасте 55+ лет и есть до 18 лет
3427,Подключен только к Триколор ТВ,Есть,Нет членов семьи в возрасте 55+ лет и есть до 18 лет
3428,Подключен только к Триколор ТВ,Есть,Нет членов семьи в возрасте 55+ лет и нет до 18 лет
3429,Подключен только к Триколор ТВ,Нет,Нет членов семьи в возрасте 55+ лет и нет до 18 лет
3430,Подключен только к Триколор ТВ,Есть,Нет членов семьи в возрасте 55+ лет и есть до 18 лет
3431,Подключен к Триколор ТВ и к другому оператору спутникового/кабельного ТВ,Есть,Есть члены семьи в возрасте 55+ лет и нет до 18 лет
3432,Подключен только к Триколор ТВ,Есть,Есть члены семьи в возрасте 55+ лет и нет до 18 лет
3433,Подключен только к Триколор ТВ,Есть,Есть члены семьи в возрасте 55+ лет и нет до 18 лет
3434,Подключен только к Триколор ТВ,Есть,Нет членов семьи в возрасте 55+ лет и нет до 18 лет
3435,Подключен только к Триколор ТВ,Есть,Нет членов семьи в возрасте 55+ лет и есть до 18 лет
3436,Подключен только к Триколор ТВ,Есть,Есть члены семьи в возрасте 55+ лет и нет до 18 лет
3437,Подключен только к Триколор ТВ,Есть,Есть члены семьи в возрасте 55+ лет и нет до 18 лет
3438,Подключен только к Триколор ТВ,Есть,Нет членов семьи в возрасте 55+ лет и нет до 18 лет
3439,Подключен только к Триколор ТВ,Есть,Нет членов семьи в возрасте 55+ лет и нет до 18 лет
3440,Подключен только к Триколор ТВ,Нет,Есть члены семьи в возрасте 55+ лет и нет до 18 лет
3441,Подключен только к Триколор ТВ,Есть,Есть члены семьи в возрасте 55+ лет и нет до 18 лет
3442,Подключен к Триколор ТВ и к другому оператору спутникового/кабельного ТВ,Есть,Есть члены семьи в возрасте 55+ лет и есть до 18 лет
3443,Подключен только к Триколор ТВ,Нет,Есть члены семьи в возрасте 55+ лет и нет до 18 лет
3444,Подключен только к Триколор ТВ,Нет,Есть члены семьи в возрасте 55+ лет и нет до 18 лет
3445,Подключен только к Триколор ТВ,Есть,Есть члены семьи в возрасте 55+ лет и нет до 18 лет
3446,Подключен к Триколор ТВ и к другому оператору спутникового/кабельного ТВ,Есть,Нет членов семьи в возрасте 55+ лет и есть до 18 лет
3447,Подключен только к Триколор ТВ,Есть,Нет членов семьи в возрасте 55+ лет и есть до 18 лет
3448,Подключен только к Триколор ТВ,Есть,Нет членов семьи в возрасте 55+ лет и есть до 18 лет
3449,Подключен только к Триколор ТВ,Есть,Есть члены семьи в возрасте 55+ лет и нет до 18 лет
3450,Подключен только к Триколор ТВ,Есть,Нет членов семьи в возрасте 55+ лет и есть до 18 лет
3451,Подключен к Триколор ТВ и к другому оператору спутникового/кабельного ТВ,Есть,Есть члены семьи в возрасте 55+ лет и нет до 18 лет
3452,Подключен только к Триколор ТВ,Нет,Есть члены семьи в возрасте 55+ лет и нет до 18 лет
3453,Подключен к Триколор ТВ и к другому оператору спутникового/кабельного ТВ,Есть,Есть члены семьи в возрасте 55+ лет и нет до 18 лет
3454,Подключен только к Триколор ТВ,Нет,Есть члены семьи в возрасте 55+ лет и нет до 18 лет
3455,Подключен только к Триколор ТВ,Нет,Есть члены семьи в возрасте 55+ лет и нет до 18 лет
3456,Подключен к Триколор ТВ и к другому оператору спутникового/кабельного ТВ,Есть,Есть члены семьи в возрасте 55+ лет и есть до 18 лет
3457,Подключен только к Триколор ТВ,Нет,Есть члены семьи в возрасте 55+ лет и есть до 18 лет
3458,Подключен только к Триколор ТВ,Нет,Есть члены семьи в возрасте 55+ лет и нет до 18 лет
3459,Подключен только к Триколор ТВ,Есть,Нет членов семьи в возрасте 55+ лет и нет до 18 лет
3460,Подключен только к Триколор ТВ,Есть,Есть члены семьи в возрасте 55+ лет и есть до 18 лет
3461,Подключен к Триколор ТВ и к другому оператору спутникового/кабельного ТВ,Есть,Нет членов семьи в возрасте 55+ лет и есть до 18 лет
3462,Подключен только к Триколор ТВ,Есть,Есть члены семьи в возрасте 55+ лет и нет до 18 лет
3463,Подключен только к Триколор ТВ,Есть,Есть члены семьи в возрасте 55+ лет и нет до 18 лет
3464,Подключен только к Триколор ТВ,Есть,Нет членов семьи в возрасте 55+ лет и нет до 18 лет
3465,Подключен только к Триколор ТВ,Есть,Нет членов семьи в возрасте 55+ лет и есть до 18 лет
3466,Подключен только к Триколор ТВ,Нет,Есть члены семьи в возрасте 55+ лет и нет до 18 лет
3467,Подключен только к Триколор ТВ,Есть,Есть члены семьи в возрасте 55+ лет и нет до 18 лет
3468,Подключен только к Триколор ТВ,Есть,Есть члены семьи в возрасте 55+ лет и нет до 18 лет
3469,Подключен только к Триколор ТВ,Нет,Нет членов семьи в возрасте 55+ лет и нет до 18 лет
3470,Подключен к Триколор ТВ и к другому оператору спутникового/кабельного ТВ,Есть,Есть члены семьи в возрасте 55+ лет и нет до 18 лет
3471,Подключен только к Триколор ТВ,Нет,Нет членов семьи в возрасте 55+ лет и есть до 18 лет
3472,Подключен только к Триколор ТВ,Есть,Есть члены семьи в возрасте 55+ лет и нет до 18 лет
3473,Подключен только к Триколор ТВ,Нет,Есть члены семьи в возрасте 55+ лет и нет до 18 лет
3474,Подключен только к Триколор ТВ,Есть,Нет членов семьи в возрасте 55+ лет и есть до 18 лет
3475,Подключен только к Триколор ТВ,Есть,Есть члены семьи в возрасте 55+ лет и нет до 18 лет
3476,Подключен только к Триколор ТВ,Есть,Есть члены семьи в возрасте 55+ лет и нет до 18 лет
3477,Подключен только к Триколор ТВ,Есть,Есть члены семьи в возрасте 55+ лет и нет до 18 лет
3478,Подключен только к Триколор ТВ,Есть,Нет членов семьи в возрасте 55+ лет и нет до 18 лет
3479,Подключен только к Триколор ТВ,Нет,Есть члены семьи в возрасте 55+ лет и нет до 18 лет
3480,Подключен только к Триколор ТВ,Есть,Нет членов семьи в возрасте 55+ лет и есть до 18 лет
3481,Подключен только к Триколор ТВ,Есть,Есть члены семьи в возрасте 55+ лет и нет до 18 лет
3482,Подключен только к Триколор ТВ,Есть,Нет членов семьи в возрасте 55+ лет и есть до 18 лет
3483,Подключен только к Триколор ТВ,Нет,Есть члены семьи в возрасте 55+ лет и есть до 18 лет
3484,Подключен только к Триколор ТВ,Есть,Есть члены семьи в возрасте 55+ лет и есть до 18 лет
3485,Подключен к Триколор ТВ и к другому оператору спутникового/кабельного ТВ,Есть,Нет членов семьи в возрасте 55+ лет и есть до 18 лет
3486,Подключен только к Триколор ТВ,Есть,Есть члены семьи в возрасте 55+ лет и нет до 18 лет
3487,Подключен только к Триколор ТВ,Нет,Нет членов семьи в возрасте 55+ лет и есть до 18 лет
3488,Подключен только к Триколор ТВ,Нет,Есть члены семьи в возрасте 55+ лет и есть до 18 лет
3489,Подключен только к Триколор ТВ,Есть,Есть члены семьи в возрасте 55+ лет и нет до 18 лет
3490,Подключен только к Триколор ТВ,Есть,Есть члены семьи в возрасте 55+ лет и нет до 18 лет
3491,Подключен только к Триколор ТВ,Нет,Нет членов семьи в возрасте 55+ лет и есть до 18 лет
3492,Подключен только к Триколор ТВ,Есть,Есть члены семьи в возрасте 55+ лет и есть до 18 лет
3493,Подключен только к Триколор ТВ,Есть,Нет членов семьи в возрасте 55+ лет и нет до 18 лет
3494,Подключен только к Триколор ТВ,Нет,Нет членов семьи в возрасте 55+ лет и есть до 18 лет
3495,Подключен только к Триколор ТВ,Есть,Есть члены семьи в возрасте 55+ лет и нет до 18 лет
3496,Подключен только к Триколор ТВ,Есть,Есть члены семьи в возрасте 55+ лет и есть до 18 лет
3497,Подключен только к Триколор ТВ,Есть,Нет членов семьи в возрасте 55+ лет и есть до 18 лет
3498,Подключен только к Триколор ТВ,Есть,Нет членов семьи в возрасте 55+ лет и есть до 18 лет
3499,Подключен только к Триколор ТВ,Нет,Есть члены семьи в возрасте 55+ лет и нет до 18 лет
3500,Подключен только к Триколор ТВ,Нет,Есть члены семьи в возрасте 55+ лет и нет до 18 лет
3501,Подключен только к Триколор ТВ,Есть,Нет членов семьи в возрасте 55+ лет и нет до 18 лет
3502,Подключен только к Триколор ТВ,Есть,Нет членов семьи в возрасте 55+ лет и есть до 18 лет
3503,Подключен только к Триколор ТВ,Есть,Нет членов семьи в возрасте 55+ лет и нет до 18 лет
3504,Подключен только к Триколор ТВ,Есть,Есть члены семьи в возрасте 55+ лет и нет до 18 лет
3505,Подключен только к Триколор ТВ,Есть,Нет членов семьи в возрасте 55+ лет и нет до 18 лет
3506,Подключен только к Триколор ТВ,Есть,Есть члены семьи в возрасте 55+ лет и нет до 18 лет
3507,Подключен только к Триколор ТВ,Нет,Нет членов семьи в возрасте 55+ лет и есть до 18 лет
3508,Подключен только к Триколор ТВ,Есть,Нет членов семьи в возрасте 55+ лет и нет до 18 лет
3509,Подключен только к Триколор ТВ,Есть,Есть члены семьи в возрасте 55+ лет и нет до 18 лет
3510,Подключен только к Триколор ТВ,Есть,Нет членов семьи в возрасте 55+ лет и есть до 18 лет
3511,Подключен только к Триколор ТВ,Есть,Нет членов семьи в возрасте 55+ лет и нет до 18 лет
3512,Подключен только к Триколор ТВ,Есть,Нет членов семьи в возрасте 55+ лет и есть до 18 лет
3513,Подключен только к Триколор ТВ,Есть,Есть члены семьи в возрасте 55+ лет и нет до 18 лет
3514,Подключен только к Триколор ТВ,Нет,Нет членов семьи в возрасте 55+ лет и нет до 18 лет
3515,Подключен только к Триколор ТВ,Есть,Есть члены семьи в возрасте 55+ лет и есть до 18 лет
3516,Подключен только к Триколор ТВ,Нет,Нет членов семьи в возрасте 55+ лет и нет до 18 лет
3517,Подключен только к Триколор ТВ,Есть,Нет членов семьи в возрасте 55+ лет и нет до 18 лет
3518,Подключен только к Триколор ТВ,Есть,Нет членов семьи в возрасте 55+ лет и нет до 18 лет
3519,Подключен только к Триколор ТВ,Есть,Нет членов семьи в возрасте 55+ лет и есть до 18 лет
3520,Подключен только к Триколор ТВ,Нет,Есть члены семьи в возрасте 55+ лет и нет до 18 лет
3521,Подключен только к Триколор ТВ,Есть,Нет членов семьи в возрасте 55+ лет и есть до 18 лет
3522,Подключен только к Триколор ТВ,Нет,Есть члены семьи в возрасте 55+ лет и нет до 18 лет
3523,Подключен только к Триколор ТВ,Нет,Нет членов семьи в возрасте 55+ лет и есть до 18 лет
3524,Подключен только к Триколор ТВ,Есть,Есть члены семьи в возрасте 55+ лет и нет до 18 лет
3525,Подключен только к Триколор ТВ,Есть,Нет членов семьи в возрасте 55+ лет и есть до 18 лет
3526,Подключен только к Триколор ТВ,Нет,Есть члены семьи в возрасте 55+ лет и нет до 18 лет
3527,Подключен только к Триколор ТВ,Есть,Есть члены семьи в возрасте 55+ лет и нет до 18 лет
3528,Подключен только к Триколор ТВ,Нет,Есть члены семьи в возрасте 55+ лет и нет до 18 лет
3529,Подключен только к Триколор ТВ,Нет,Есть члены семьи в возрасте 55+ лет и нет до 18 лет
3530,Подключен только к Триколор ТВ,Нет,Нет членов семьи в возрасте 55+ лет и нет до 18 лет
3531,Подключен только к Триколор ТВ,Есть,Нет членов семьи в возрасте 55+ лет и есть до 18 лет
3532,Подключен только к Триколор ТВ,Есть,Нет членов семьи в возрасте 55+ лет и есть до 18 лет
3533,Подключен только к Триколор ТВ,Есть,Нет членов семьи в возрасте 55+ лет и нет до 18 лет
3534,Подключен только к Триколор ТВ,Есть,Есть члены семьи в возрасте 55+ лет и нет до 18 лет
3535,Подключен только к Триколор ТВ,Есть,Нет членов семьи в возрасте 55+ лет и есть до 18 лет
3536,Подключен только к Триколор ТВ,Есть,Нет членов семьи в возрасте 55+ лет и есть до 18 лет
3537,Подключен только к Триколор ТВ,Нет,Нет членов семьи в возрасте 55+ лет и нет до 18 лет
3538,Подключен только к Триколор ТВ,Есть,Есть члены семьи в возрасте 55+ лет и нет до 18 лет
3539,Подключен только к Триколор ТВ,Есть,Нет членов семьи в возрасте 55+ лет и есть до 18 лет
3540,Подключен только к Триколор ТВ,Нет,Нет членов семьи в возрасте 55+ лет и нет до 18 лет
3541,Подключен только к Триколор ТВ,Есть,Есть члены семьи в возрасте 55+ лет и нет до 18 лет
3542,Подключен только к Триколор ТВ,Есть,Есть члены семьи в возрасте 55+ лет и нет до 18 лет
3543,Подключен только к Триколор ТВ,Есть,Нет членов семьи в возрасте 55+ лет и есть до 18 лет
3544,Подключен только к Триколор ТВ,Есть,Есть члены семьи в возрасте 55+ лет и нет до 18 лет
3545,Подключен только к Триколор ТВ,Есть,Нет членов семьи в возрасте 55+ лет и есть до 18 лет
3546,Подключен только к Триколор ТВ,Есть,Есть члены семьи в возрасте 55+ лет и есть до 18 лет
3547,Подключен к Триколор ТВ и к другому оператору спутникового/кабельного ТВ,Нет,Нет членов семьи в возрасте 55+ лет и есть до 18 лет
3548,Подключен только к Триколор ТВ,Есть,Нет членов семьи в возрасте 55+ лет и есть до 18 лет
3549,Подключен только к Триколор ТВ,Есть,Есть члены семьи в возрасте 55+ лет и нет до 18 лет
3550,Подключен к Триколор ТВ и к другому оператору спутникового/кабельного ТВ,Есть,Есть члены семьи в возрасте 55+ лет и нет до 18 лет
3551,Подключен только к Триколор ТВ,Есть,Есть члены семьи в возрасте 55+ лет и нет до 18 лет
3552,Подключен только к Триколор ТВ,Нет,Есть члены семьи в возрасте 55+ лет и нет до 18 лет
3553,Подключен только к Триколор ТВ,Есть,Нет членов семьи в возрасте 55+ лет и есть до 18 лет
3554,Подключен только к Триколор ТВ,Есть,Нет членов семьи в возрасте 55+ лет и нет до 18 лет
3555,Подключен только к Триколор ТВ,Есть,Есть члены семьи в возрасте 55+ лет и нет до 18 лет
3556,Подключен только к Триколор ТВ,Нет,Нет членов семьи в возрасте 55+ лет и есть до 18 лет
3557,Подключен только к Триколор ТВ,Есть,Есть члены семьи в возрасте 55+ лет и нет до 18 лет
3558,Подключен только к Триколор ТВ,Есть,Нет членов семьи в возрасте 55+ лет и есть до 18 лет
3559,Подключен только к Триколор ТВ,Есть,Нет членов семьи в возрасте 55+ лет и нет до 18 лет
3560,Подключен только к Триколор ТВ,Есть,Нет членов семьи в возрасте 55+ лет и есть до 18 лет
3561,Подключен к Триколор ТВ и к другому оператору спутникового/кабельного ТВ,Есть,Есть члены семьи в возрасте 55+ лет и нет до 18 лет
3562,Подключен только к Триколор ТВ,Есть,Есть члены семьи в возрасте 55+ лет и нет до 18 лет
3563,Подключен только к Триколор ТВ,Есть,Есть члены семьи в возрасте 55+ лет и есть до 18 лет
3564,Подключен только к Триколор ТВ,Есть,Есть члены семьи в возрасте 55+ лет и нет до 18 лет
3565,Подключен только к Триколор ТВ,Есть,Нет членов семьи в возрасте 55+ лет и есть до 18 лет
3566,Подключен только к Триколор ТВ,Есть,Нет членов семьи в возрасте 55+ лет и нет до 18 лет
3567,Подключен только к Триколор ТВ,Нет,Нет членов семьи в возрасте 55+ лет и нет до 18 лет
3568,Подключен только к Триколор ТВ,Есть,Нет членов семьи в возрасте 55+ лет и есть до 18 лет
3569,Подключен только к Триколор ТВ,Есть,Есть члены семьи в возрасте 55+ лет и нет до 18 лет
3570,Подключен только к Триколор ТВ,Есть,Нет членов семьи в возрасте 55+ лет и есть до 18 лет
3571,Подключен только к Триколор ТВ,Нет,Есть члены семьи в возрасте 55+ лет и нет до 18 лет
3572,Подключен только к Триколор ТВ,Есть,Есть члены семьи в возрасте 55+ лет и нет до 18 лет
3573,Подключен только к Триколор ТВ,Есть,Нет членов семьи в возрасте 55+ лет и есть до 18 лет
3574,Подключен к Триколор ТВ и к другому оператору спутникового/кабельного ТВ,Есть,Нет членов семьи в возрасте 55+ лет и есть до 18 лет
3575,Подключен только к Триколор ТВ,Нет,Нет членов семьи в возрасте 55+ лет и нет до 18 лет
3576,Подключен только к Триколор ТВ,Есть,Есть члены семьи в возрасте 55+ лет и нет до 18 лет
3577,Подключен к Триколор ТВ и к другому оператору спутникового/кабельного ТВ,Есть,Нет членов семьи в возрасте 55+ лет и нет до 18 лет
3578,Подключен только к Триколор ТВ,Есть,Нет членов семьи в возрасте 55+ лет и есть до 18 лет
3579,Подключен только к Триколор ТВ,Есть,Есть члены семьи в возрасте 55+ лет и нет до 18 лет
3580,Подключен только к Триколор ТВ,Есть,Есть члены семьи в возрасте 55+ лет и нет до 18 лет
3581,Подключен к Триколор ТВ и к другому оператору спутникового/кабельного ТВ,Есть,Нет членов семьи в возрасте 55+ лет и есть до 18 лет
3582,Подключен только к Триколор ТВ,Есть,Есть члены семьи в возрасте 55+ лет и нет до 18 лет
3583,Подключен только к Триколор ТВ,Есть,Есть члены семьи в возрасте 55+ лет и нет до 18 лет
3584,Подключен только к Триколор ТВ,Есть,Есть члены семьи в возрасте 55+ лет и нет до 18 лет
3585,Подключен только к Триколор ТВ,Нет,Есть члены семьи в возрасте 55+ лет и нет до 18 лет
3586,Подключен только к Триколор ТВ,Нет,Есть члены семьи в возрасте 55+ лет и нет до 18 лет
3587,Подключен только к Триколор ТВ,Есть,Нет членов семьи в возрасте 55+ лет и есть до 18 лет
3588,Подключен только к Триколор ТВ,Есть,Есть члены семьи в возрасте 55+ лет и нет до 18 лет
3589,Подключен только к Триколор ТВ,Есть,Есть члены семьи в возрасте 55+ лет и есть до 18 лет
3590,Подключен только к Триколор ТВ,Есть,Есть члены семьи в возрасте 55+ лет и нет до 18 лет
3591,Подключен только к Триколор ТВ,Нет,Нет членов семьи в возрасте 55+ лет и есть до 18 лет
3592,Подключен только к Триколор ТВ,Нет,Есть члены семьи в возрасте 55+ лет и нет до 18 лет
3593,Подключен только к Триколор ТВ,Есть,Нет членов семьи в возрасте 55+ лет и есть до 18 лет
3594,Подключен только к Триколор ТВ,Есть,Есть члены семьи в возрасте 55+ лет и нет до 18 лет
3595,Подключен только к Триколор ТВ,Есть,Нет членов семьи в возрасте 55+ лет и нет до 18 лет
3596,Подключен к Триколор ТВ и к другому оператору спутникового/кабельного ТВ,Есть,Нет членов семьи в возрасте 55+ лет и есть до 18 лет
3597,Подключен только к Триколор ТВ,Есть,Нет членов семьи в возрасте 55+ лет и есть до 18 лет
3598,Подключен только к Триколор ТВ,Есть,Есть члены семьи в возрасте 55+ лет и нет до 18 лет
3599,Подключен только к Триколор ТВ,Нет,Нет членов семьи в возрасте 55+ лет и нет до 18 лет
3600,Подключен только к Триколор ТВ,Нет,Нет членов семьи в возрасте 55+ лет и есть до 18 лет
3601,Подключен только к Триколор ТВ,Есть,Есть члены семьи в возрасте 55+ лет и нет до 18 лет
3602,Подключен только к Триколор ТВ,Есть,Есть члены семьи в возрасте 55+ лет и нет до 18 лет
3603,Подключен только к Триколор ТВ,Есть,Есть члены семьи в возрасте 55+ лет и нет до 18 лет
3604,Подключен только к Триколор ТВ,Есть,Нет членов семьи в возрасте 55+ лет и есть до 18 лет
3605,Подключен только к Триколор ТВ,Нет,Есть члены семьи в возрасте 55+ лет и нет до 18 лет
3606,Подключен только к Триколор ТВ,Есть,Нет членов семьи в возрасте 55+ лет и есть до 18 лет
3607,Подключен только к Триколор ТВ,Есть,Есть члены семьи в возрасте 55+ лет и есть до 18 лет
3608,Подключен только к Триколор ТВ,Нет,Нет членов семьи в возрасте 55+ лет и нет до 18 лет
3609,Подключен только к Триколор ТВ,Есть,Есть члены семьи в возрасте 55+ лет и нет до 18 лет
3610,Подключен только к Триколор ТВ,Нет,Есть члены семьи в возрасте 55+ лет и нет до 18 лет
3611,Подключен только к Триколор ТВ,Нет,Нет членов семьи в возрасте 55+ лет и есть до 18 лет
3612,Подключен к Триколор ТВ и к другому оператору спутникового/кабельного ТВ,Есть,Есть члены семьи в возрасте 55+ лет и нет до 18 лет
3613,Подключен только к Триколор ТВ,Есть,Есть члены семьи в возрасте 55+ лет и нет до 18 лет
3614,Подключен только к Триколор ТВ,Нет,Есть члены семьи в возрасте 55+ лет и нет до 18 лет
3615,Подключен к Триколор ТВ и к другому оператору спутникового/кабельного ТВ,Есть,Есть члены семьи в возрасте 55+ лет и нет до 18 лет
3616,Подключен только к Триколор ТВ,Есть,Есть члены семьи в возрасте 55+ лет и нет до 18 лет
3617,Подключен только к Триколор ТВ,Нет,Нет членов семьи в возрасте 55+ лет и есть до 18 лет
3618,Подключен только к Триколор ТВ,Есть,Есть члены семьи в возрасте 55+ лет и нет до 18 лет
3619,Подключен только к Триколор ТВ,Есть,Есть члены семьи в возрасте 55+ лет и нет до 18 лет
3620,Подключен только к Триколор ТВ,Есть,Нет членов семьи в возрасте 55+ лет и есть до 18 лет
3621,Подключен только к Триколор ТВ,Есть,Нет членов семьи в возрасте 55+ лет и есть до 18 лет
3622,Подключен только к Триколор ТВ,Есть,Нет членов семьи в возрасте 55+ лет и нет до 18 лет
3623,Подключен только к Триколор ТВ,Нет,Нет членов семьи в возрасте 55+ лет и есть до 18 лет
3624,Подключен только к Триколор ТВ,Есть,Есть члены семьи в возрасте 55+ лет и нет до 18 лет
3625,Подключен только к Триколор ТВ,Есть,Нет членов семьи в возрасте 55+ лет и нет до 18 лет
3626,Подключен только к Триколор ТВ,Есть,Есть члены семьи в возрасте 55+ лет и нет до 18 лет
3627,Подключен только к Триколор ТВ,Есть,Нет членов семьи в возрасте 55+ лет и есть до 18 лет
3628,Подключен только к Триколор ТВ,Есть,Нет членов семьи в возрасте 55+ лет и нет до 18 лет
3629,Подключен к Триколор ТВ и к другому оператору спутникового/кабельного ТВ,Есть,Есть члены семьи в возрасте 55+ лет и нет до 18 лет
3630,Подключен только к Триколор ТВ,Есть,Нет членов семьи в возрасте 55+ лет и есть до 18 лет
3631,Подключен только к Триколор ТВ,Нет,Есть члены семьи в возрасте 55+ лет и нет до 18 лет
3632,Подключен только к Триколор ТВ,Есть,Есть члены семьи в возрасте 55+ лет и нет до 18 лет
3633,Подключен только к Триколор ТВ,Есть,Есть члены семьи в возрасте 55+ лет и есть до 18 лет
3634,Подключен только к Триколор ТВ,Есть,Есть члены семьи в возрасте 55+ лет и нет до 18 лет
3635,Подключен только к Триколор ТВ,Нет,Есть члены семьи в возрасте 55+ лет и нет до 18 лет
3636,Подключен только к Триколор ТВ,Есть,Есть члены семьи в возрасте 55+ лет и нет до 18 лет
3637,Подключен только к Триколор ТВ,Есть,Нет членов семьи в возрасте 55+ лет и есть до 18 лет
3638,Подключен только к Триколор ТВ,Нет,Нет членов семьи в возрасте 55+ лет и нет до 18 лет
3639,Подключен только к Триколор ТВ,Есть,Есть члены семьи в возрасте 55+ лет и нет до 18 лет
3640,Подключен к Триколор ТВ и к другому оператору спутникового/кабельного ТВ,Есть,Есть члены семьи в возрасте 55+ лет и нет до 18 лет
3641,Подключен только к Триколор ТВ,Есть,Есть члены семьи в возрасте 55+ лет и нет до 18 лет
3642,Подключен только к Триколор ТВ,Нет,Есть члены семьи в возрасте 55+ лет и нет до 18 лет
3643,Подключен только к Триколор ТВ,Нет,Есть члены семьи в возрасте 55+ лет и нет до 18 лет
3644,Подключен только к Триколор ТВ,Есть,Есть члены семьи в возрасте 55+ лет и есть до 18 лет
3645,Подключен только к Триколор ТВ,Есть,Есть члены семьи в возрасте 55+ лет и нет до 18 лет
3646,Подключен только к Триколор ТВ,Есть,Нет членов семьи в возрасте 55+ лет и есть до 18 лет
3647,Подключен только к Триколор ТВ,Есть,Есть члены семьи в возрасте 55+ лет и нет до 18 лет
3648,Подключен только к Триколор ТВ,Нет,Есть члены семьи в возрасте 55+ лет и нет до 18 лет
3649,Подключен только к Триколор ТВ,Есть,Нет членов семьи в возрасте 55+ лет и есть до 18 лет
3650,Подключен только к Триколор ТВ,Нет,Нет членов семьи в возрасте 55+ лет и нет до 18 лет
3651,Подключен только к Триколор ТВ,Нет,Нет членов семьи в возрасте 55+ лет и есть до 18 лет
3652,Подключен к Триколор ТВ и к другому оператору спутникового/кабельного ТВ,Нет,Есть члены семьи в возрасте 55+ лет и нет до 18 лет
3653,Подключен только к Триколор ТВ,Есть,Есть члены семьи в возрасте 55+ лет и нет до 18 лет
3654,Подключен только к Триколор ТВ,Есть,Нет членов семьи в возрасте 55+ лет и нет до 18 лет
3655,Подключен только к Триколор ТВ,Есть,Нет членов семьи в возрасте 55+ лет и есть до 18 лет
3656,Подключен только к Триколор ТВ,Есть,Нет членов семьи в возрасте 55+ лет и нет до 18 лет
3657,Подключен только к Триколор ТВ,Есть,Нет членов семьи в возрасте 55+ лет и нет до 18 лет
3658,Подключен только к Триколор ТВ,Есть,Есть члены семьи в возрасте 55+ лет и нет до 18 лет
3659,Подключен только к Триколор ТВ,Есть,Есть члены семьи в возрасте 55+ лет и нет до 18 лет
3660,Подключен только к Триколор ТВ,Есть,Нет членов семьи в возрасте 55+ лет и нет до 18 лет
3661,Подключен только к Триколор ТВ,Нет,Нет членов семьи в возрасте 55+ лет и есть до 18 лет
3662,Подключен только к Триколор ТВ,Есть,Нет членов семьи в возрасте 55+ лет и есть до 18 лет
3663,Подключен только к Триколор ТВ,Есть,Есть члены семьи в возрасте 55+ лет и нет до 18 лет
3664,Подключен только к Триколор ТВ,Есть,Нет членов семьи в возрасте 55+ лет и нет до 18 лет
3665,Подключен к Триколор ТВ и к другому оператору спутникового/кабельного ТВ,Нет,Есть члены семьи в возрасте 55+ лет и нет до 18 лет
3666,Подключен только к Триколор ТВ,Нет,Есть члены семьи в возрасте 55+ лет и нет до 18 лет
3667,Подключен к Триколор ТВ и к другому оператору спутникового/кабельного ТВ,Есть,Есть члены семьи в возрасте 55+ лет и есть до 18 лет
3668,Подключен только к Триколор ТВ,Есть,Нет членов семьи в возрасте 55+ лет и нет до 18 лет
3669,Подключен только к Триколор ТВ,Нет,Есть члены семьи в возрасте 55+ лет и нет до 18 лет
3670,Подключен только к Триколор ТВ,Нет,Есть члены семьи в возрасте 55+ лет и нет до 18 лет
3671,Подключен только к Триколор ТВ,Нет,Нет членов семьи в возрасте 55+ лет и есть до 18 лет
3672,Подключен к Триколор ТВ и к другому оператору спутникового/кабельного ТВ,Нет,Есть члены семьи в возрасте 55+ лет и нет до 18 лет
3673,Подключен только к Триколор ТВ,Нет,Есть члены семьи в возрасте 55+ лет и нет до 18 лет
3674,Подключен только к Триколор ТВ,Нет,Есть члены семьи в возрасте 55+ лет и нет до 18 лет
3675,Подключен только к Триколор ТВ,Есть,Нет членов семьи в возрасте 55+ лет и нет до 18 лет
3676,Подключен только к Триколор ТВ,Есть,Нет членов семьи в возрасте 55+ лет и есть до 18 лет
3677,Подключен к Триколор ТВ и к другому оператору спутникового/кабельного ТВ,Нет,Нет членов семьи в возрасте 55+ лет и нет до 18 лет
3678,Подключен только к Триколор ТВ,Есть,Нет членов семьи в возрасте 55+ лет и есть до 18 лет
3679,Подключен только к Триколор ТВ,Есть,Есть члены семьи в возрасте 55+ лет и нет до 18 лет
3680,Подключен только к Триколор ТВ,Есть,Есть члены семьи в возрасте 55+ лет и нет до 18 лет
3681,Подключен только к Триколор ТВ,Нет,Нет членов семьи в возрасте 55+ лет и есть до 18 лет
3682,Подключен только к Триколор ТВ,Есть,Нет членов семьи в возрасте 55+ лет и нет до 18 лет
3683,Подключен только к Триколор ТВ,Есть,Нет членов семьи в возрасте 55+ лет и нет до 18 лет
3684,Подключен только к Триколор ТВ,Есть,Есть члены семьи в возрасте 55+ лет и нет до 18 лет
3685,Подключен только к Триколор ТВ,Есть,Нет членов семьи в возрасте 55+ лет и нет до 18 лет
3686,Подключен только к Триколор ТВ,Нет,Нет членов семьи в возрасте 55+ лет и нет до 18 лет
3687,Подключен только к Триколор ТВ,Нет,Нет членов семьи в возрасте 55+ лет и есть до 18 лет
3688,Подключен только к Триколор ТВ,Нет,Есть члены семьи в возрасте 55+ лет и нет до 18 лет
3689,Подключен только к Триколор ТВ,Есть,Нет членов семьи в возрасте 55+ лет и нет до 18 лет
3690,Подключен только к Триколор ТВ,Нет,Нет членов семьи в возрасте 55+ лет и нет до 18 лет
3691,Подключен только к Триколор ТВ,Есть,Нет членов семьи в возрасте 55+ лет и есть до 18 лет
3692,Подключен только к Триколор ТВ,Нет,Есть члены семьи в возрасте 55+ лет и нет до 18 лет
3693,Подключен только к Триколор ТВ,Нет,Нет членов семьи в возрасте 55+ лет и есть до 18 лет
3694,Подключен только к Триколор ТВ,Есть,Нет членов семьи в возрасте 55+ лет и есть до 18 лет
3695,Подключен только к Триколор ТВ,Нет,Есть члены семьи в возрасте 55+ лет и нет до 18 лет
3696,Подключен только к Триколор ТВ,Есть,Есть члены семьи в возрасте 55+ лет и нет до 18 лет
3697,Подключен только к Триколор ТВ,Есть,Нет членов семьи в возрасте 55+ лет и есть до 18 лет
3698,Подключен к Триколор ТВ и к другому оператору спутникового/кабельного ТВ,Есть,Есть члены семьи в возрасте 55+ лет и нет до 18 лет
3699,Подключен только к Триколор ТВ,Есть,Нет членов семьи в возрасте 55+ лет и есть до 18 лет
3700,Подключен только к Триколор ТВ,Есть,Нет членов семьи в возрасте 55+ лет и нет до 18 лет
3701,Подключен только к Триколор ТВ,Нет,Нет членов семьи в возрасте 55+ лет и есть до 18 лет
3702,Подключен только к Триколор ТВ,Есть,Есть члены семьи в возрасте 55+ лет и нет до 18 лет
3703,Подключен только к Триколор ТВ,Нет,Есть члены семьи в возрасте 55+ лет и нет до 18 лет
3704,Подключен к Триколор ТВ и к другому оператору спутникового/кабельного ТВ,Есть,Есть члены семьи в возрасте 55+ лет и нет до 18 лет
3705,Подключен только к Триколор ТВ,Есть,Есть члены семьи в возрасте 55+ лет и нет до 18 лет
3706,Подключен только к Триколор ТВ,Есть,Есть члены семьи в возрасте 55+ лет и есть до 18 лет
3707,Подключен только к Триколор ТВ,Есть,Есть члены семьи в возрасте 55+ лет и нет до 18 лет
3708,Подключен к Триколор ТВ и к другому оператору спутникового/кабельного ТВ,Есть,Нет членов семьи в возрасте 55+ лет и есть до 18 лет
3709,Подключен только к Триколор ТВ,Есть,Есть члены семьи в возрасте 55+ лет и есть до 18 лет
3710,Подключен только к Триколор ТВ,Есть,Есть члены семьи в возрасте 55+ лет и нет до 18 лет
3711,Подключен только к Триколор ТВ,Есть,Есть члены семьи в возрасте 55+ лет и нет до 18 лет
3712,Подключен только к Триколор ТВ,Есть,Нет членов семьи в возрасте 55+ лет и есть до 18 лет
3713,Подключен только к Триколор ТВ,Нет,Нет членов семьи в возрасте 55+ лет и есть до 18 лет
3714,Подключен только к Триколор ТВ,Есть,Есть члены семьи в возрасте 55+ лет и нет до 18 лет
3715,Подключен только к Триколор ТВ,Есть,Есть члены семьи в возрасте 55+ лет и нет до 18 лет
3716,Подключен к Триколор ТВ и к другому оператору спутникового/кабельного ТВ,Есть,Нет членов семьи в возрасте 55+ лет и нет до 18 лет
3717,Подключен только к Триколор ТВ,Нет,Есть члены семьи в возрасте 55+ лет и есть до 18 лет
3718,Подключен только к Триколор ТВ,Есть,Есть члены семьи в возрасте 55+ лет и нет до 18 лет
3719,Подключен только к Триколор ТВ,Есть,Нет членов семьи в возрасте 55+ лет и есть до 18 лет
3720,Подключен только к Триколор ТВ,Нет,Есть члены семьи в возрасте 55+ лет и нет до 18 лет
3721,Подключен к Триколор ТВ и к другому оператору спутникового/кабельного ТВ,Есть,Нет членов семьи в возрасте 55+ лет и нет до 18 лет
3722,Подключен только к Триколор ТВ,Есть,Нет членов семьи в возрасте 55+ лет и есть до 18 лет
3723,Подключен только к Триколор ТВ,Нет,Есть члены семьи в возрасте 55+ лет и есть до 18 лет
3724,Подключен только к Триколор ТВ,Есть,Нет членов семьи в возрасте 55+ лет и нет до 18 лет
3725,Подключен только к Триколор ТВ,Нет,Нет членов семьи в возрасте 55+ лет и есть до 18 лет
3726,Подключен только к Триколор ТВ,Есть,Нет членов семьи в возрасте 55+ лет и нет до 18 лет
3727,Подключен только к Триколор ТВ,Есть,Нет членов семьи в возрасте 55+ лет и есть до 18 лет
3728,Подключен к Триколор ТВ и к другому оператору спутникового/кабельного ТВ,Есть,Есть члены семьи в возрасте 55+ лет и нет до 18 лет
3729,Подключен только к Триколор ТВ,Нет,Есть члены семьи в возрасте 55+ лет и нет до 18 лет
3730,Подключен только к Триколор ТВ,Есть,Есть члены семьи в возрасте 55+ лет и нет до 18 лет
3731,Подключен только к Триколор ТВ,Нет,Есть члены семьи в возрасте 55+ лет и есть до 18 лет
3732,Подключен только к Триколор ТВ,Есть,Есть члены семьи в возрасте 55+ лет и есть до 18 лет
3733,Подключен только к Триколор ТВ,Нет,Нет членов семьи в возрасте 55+ лет и нет до 18 лет
3734,Подключен только к Триколор ТВ,Нет,Есть члены семьи в возрасте 55+ лет и нет до 18 лет
3735,Подключен к Триколор ТВ и к другому оператору спутникового/кабельного ТВ,Есть,Есть члены семьи в возрасте 55+ лет и нет до 18 лет
3736,Подключен только к Триколор ТВ,Нет,Есть члены семьи в возрасте 55+ лет и нет до 18 лет
3737,Подключен только к Триколор ТВ,Есть,Есть члены семьи в возрасте 55+ лет и нет до 18 лет
3738,Подключен только к Триколор ТВ,Есть,Есть члены семьи в возрасте 55+ лет и нет до 18 лет
3739,Подключен только к Триколор ТВ,Нет,Нет членов семьи в возрасте 55+ лет и есть до 18 лет
3740,Подключен только к Триколор ТВ,Есть,Нет членов семьи в возрасте 55+ лет и нет до 18 лет
3741,Подключен к Триколор ТВ и к другому оператору спутникового/кабельного ТВ,Есть,Нет членов семьи в возрасте 55+ лет и нет до 18 лет
3742,Подключен только к Триколор ТВ,Есть,Нет членов семьи в возрасте 55+ лет и есть до 18 лет
3743,Подключен только к Триколор ТВ,Есть,Нет членов семьи в возрасте 55+ лет и есть до 18 лет
3744,Подключен только к Триколор ТВ,Есть,Есть члены семьи в возрасте 55+ лет и нет до 18 лет
3745,Подключен только к Триколор ТВ,Есть,Нет членов семьи в возрасте 55+ лет и есть до 18 лет
3746,Подключен только к Триколор ТВ,Есть,Есть члены семьи в возрасте 55+ лет и нет до 18 лет
3747,Подключен только к Триколор ТВ,Есть,Нет членов семьи в возрасте 55+ лет и нет до 18 лет
3748,Подключен только к Триколор ТВ,Нет,Нет членов семьи в возрасте 55+ лет и есть до 18 лет
3749,Подключен только к Триколор ТВ,Есть,Нет членов семьи в возрасте 55+ лет и есть до 18 лет
3750,Подключен только к Триколор ТВ,Есть,Нет членов семьи в возрасте 55+ лет и есть до 18 лет
3751,Подключен только к Триколор ТВ,Нет,Есть члены семьи в возрасте 55+ лет и нет до 18 лет
3752,Подключен только к Триколор ТВ,Нет,Нет членов семьи в возрасте 55+ лет и есть до 18 лет
3753,Подключен только к Триколор ТВ,Есть,Есть члены семьи в возрасте 55+ лет и нет до 18 лет
3754,Подключен только к Триколор ТВ,Нет,Есть члены семьи в возрасте 55+ лет и есть до 18 лет
3755,Подключен только к Триколор ТВ,Есть,Есть члены семьи в возрасте 55+ лет и нет до 18 лет
3756,Подключен только к Триколор ТВ,Есть,Нет членов семьи в возрасте 55+ лет и есть до 18 лет
3757,Подключен только к Триколор ТВ,Нет,Нет членов семьи в возрасте 55+ лет и есть до 18 лет
3758,Подключен только к Триколор ТВ,Есть,Нет членов семьи в возрасте 55+ лет и нет до 18 лет
3759,Подключен только к Триколор ТВ,Есть,Нет членов семьи в возрасте 55+ лет и есть до 18 лет
3760,Подключен только к Триколор ТВ,Есть,Есть члены семьи в возрасте 55+ лет и нет до 18 лет
3761,Подключен только к Триколор ТВ,Нет,Есть члены семьи в возрасте 55+ лет и нет до 18 лет
3762,Подключен только к Триколор ТВ,Нет,Нет членов семьи в возрасте 55+ лет и есть до 18 лет
3763,Подключен только к Триколор ТВ,Нет,Есть члены семьи в возрасте 55+ лет и нет до 18 лет
3764,Подключен только к Триколор ТВ,Есть,Есть члены семьи в возрасте 55+ лет и есть до 18 лет
3765,Подключен к Триколор ТВ и к другому оператору спутникового/кабельного ТВ,Есть,Есть члены семьи в возрасте 55+ лет и нет до 18 лет
3766,Подключен к Триколор ТВ и к другому оператору спутникового/кабельного ТВ,Нет,Есть члены семьи в возрасте 55+ лет и нет до 18 лет
3767,Подключен к Триколор ТВ и к другому оператору спутникового/кабельного ТВ,Нет,Нет членов семьи в возрасте 55+ лет и есть до 18 лет
3768,Подключен к Триколор ТВ и к другому оператору спутникового/кабельного ТВ,Есть,Нет членов семьи в возрасте 55+ лет и есть до 18 лет
3769,Подключен только к Триколор ТВ,Нет,Нет членов семьи в возрасте 55+ лет и нет до 18 лет
3770,Подключен только к Триколор ТВ,Есть,Есть члены семьи в возрасте 55+ лет и нет до 18 лет
3771,Подключен только к Триколор ТВ,Нет,Есть члены семьи в возрасте 55+ лет и нет до 18 лет
3772,Подключен только к Триколор ТВ,Есть,Есть члены семьи в возрасте 55+ лет и нет до 18 лет
3773,Подключен к Триколор ТВ и к другому оператору спутникового/кабельного ТВ,Есть,Есть члены семьи в возрасте 55+ лет и нет до 18 лет
3774,Подключен только к Триколор ТВ,Нет,Нет членов семьи в возрасте 55+ лет и есть до 18 лет
3775,Подключен только к Триколор ТВ,Есть,Нет членов семьи в возрасте 55+ лет и есть до 18 лет
3776,Подключен только к Триколор ТВ,Нет,Нет членов семьи в возрасте 55+ лет и есть до 18 лет
3777,Подключен только к Триколор ТВ,Есть,Есть члены семьи в возрасте 55+ лет и нет до 18 лет
3778,Подключен только к Триколор ТВ,Есть,Есть члены семьи в возрасте 55+ лет и есть до 18 лет
3779,Подключен только к Триколор ТВ,Есть,Есть члены семьи в возрасте 55+ лет и нет до 18 лет
3780,Подключен только к Триколор ТВ,Есть,Есть члены семьи в возрасте 55+ лет и нет до 18 лет
3781,Подключен к Триколор ТВ и к другому оператору спутникового/кабельного ТВ,Есть,Нет членов семьи в возрасте 55+ лет и нет до 18 лет
3782,Подключен только к Триколор ТВ,Есть,Есть члены семьи в возрасте 55+ лет и нет до 18 лет
3783,Подключен только к Триколор ТВ,Есть,Нет членов семьи в возрасте 55+ лет и нет до 18 лет
3784,Подключен только к Триколор ТВ,Нет,Есть члены семьи в возрасте 55+ лет и нет до 18 лет
3785,Подключен только к Триколор ТВ,Нет,Нет членов семьи в возрасте 55+ лет и есть до 18 лет
3786,Подключен только к Триколор ТВ,Нет,Есть члены семьи в возрасте 55+ лет и нет до 18 лет
3787,Подключен к Триколор ТВ и к другому оператору спутникового/кабельного ТВ,Есть,Есть члены семьи в возрасте 55+ лет и нет до 18 лет
3788,Подключен только к Триколор ТВ,Есть,Есть члены семьи в возрасте 55+ лет и нет до 18 лет
3789,Подключен только к Триколор ТВ,Нет,Нет членов семьи в возрасте 55+ лет и есть до 18 лет
3790,Подключен только к Триколор ТВ,Нет,Нет членов семьи в возрасте 55+ лет и есть до 18 лет
3791,Подключен к Триколор ТВ и к другому оператору спутникового/кабельного ТВ,Есть,Нет членов семьи в возрасте 55+ лет и есть до 18 лет
3792,Подключен только к Триколор ТВ,Есть,Есть члены семьи в возрасте 55+ лет и нет до 18 лет
3793,Подключен только к Триколор ТВ,Есть,Есть члены семьи в возрасте 55+ лет и нет до 18 лет
3794,Подключен к Триколор ТВ и к другому оператору спутникового/кабельного ТВ,Нет,Есть члены семьи в возрасте 55+ лет и нет до 18 лет
3795,Подключен только к Триколор ТВ,Нет,Есть члены семьи в возрасте 55+ лет и нет до 18 лет
3796,Подключен только к Триколор ТВ,Есть,Нет членов семьи в возрасте 55+ лет и есть до 18 лет
3797,Подключен только к Триколор ТВ,Нет,Нет членов семьи в возрасте 55+ лет и есть до 18 лет
3798,Подключен только к Триколор ТВ,Нет,Нет членов семьи в возрасте 55+ лет и нет до 18 лет
3799,Подключен только к Триколор ТВ,Есть,Нет членов семьи в возрасте 55+ лет и есть до 18 лет
3800,Подключен только к Триколор ТВ,Нет,Нет членов семьи в возрасте 55+ лет и нет до 18 лет
3801,Подключен только к Триколор ТВ,Есть,Есть члены семьи в возрасте 55+ лет и нет до 18 лет
3802,Подключен только к Триколор ТВ,Есть,Есть члены семьи в возрасте 55+ лет и нет до 18 лет
3803,Подключен только к Триколор ТВ,Есть,Есть члены семьи в возрасте 55+ лет и нет до 18 лет
3804,Подключен только к Триколор ТВ,Нет,Есть члены семьи в возрасте 55+ лет и нет до 18 лет
3805,Подключен только к Триколор ТВ,Есть,Нет членов семьи в возрасте 55+ лет и есть до 18 лет
3806,Подключен только к Триколор ТВ,Нет,Есть члены семьи в возрасте 55+ лет и нет до 18 лет
3807,Подключен только к Триколор ТВ,Есть,Нет членов семьи в возрасте 55+ лет и есть до 18 лет
3808,Подключен только к Триколор ТВ,Есть,Есть члены семьи в возрасте 55+ лет и нет до 18 лет
3809,Подключен только к Триколор ТВ,Нет,Есть члены семьи в возрасте 55+ лет и нет до 18 лет
3810,Подключен только к Триколор ТВ,Нет,Есть члены семьи в возрасте 55+ лет и нет до 18 лет
3811,Подключен только к Триколор ТВ,Нет,Нет членов семьи в возрасте 55+ лет и есть до 18 лет
3812,Подключен только к Триколор ТВ,Нет,Нет членов семьи в возрасте 55+ лет и нет до 18 лет
3813,Подключен только к Триколор ТВ,Нет,Нет членов семьи в возрасте 55+ лет и нет до 18 лет
3814,Подключен только к Триколор ТВ,Есть,Есть члены семьи в возрасте 55+ лет и нет до 18 лет
3815,Подключен только к Триколор ТВ,Есть,Есть члены семьи в возрасте 55+ лет и есть до 18 лет
3816,Подключен только к Триколор ТВ,Нет,Есть члены семьи в возрасте 55+ лет и есть до 18 лет
3817,Подключен только к Триколор ТВ,Есть,Есть члены семьи в возрасте 55+ лет и нет до 18 лет
3818,Подключен только к Триколор ТВ,Есть,Есть члены семьи в возрасте 55+ лет и есть до 18 лет
3819,Подключен только к Триколор ТВ,Нет,Нет членов семьи в возрасте 55+ лет и есть до 18 лет
3820,Подключен только к Триколор ТВ,Есть,Есть члены семьи в возрасте 55+ лет и нет до 18 лет
3821,Подключен только к Триколор ТВ,Нет,Нет членов семьи в возрасте 55+ лет и нет до 18 лет
3822,Подключен к Триколор ТВ и к другому оператору спутникового/кабельного ТВ,Есть,Есть члены семьи в возрасте 55+ лет и нет до 18 лет
3823,Подключен только к Триколор ТВ,Есть,Нет членов семьи в возрасте 55+ лет и нет до 18 лет
3824,Подключен к Триколор ТВ и к другому оператору спутникового/кабельного ТВ,Есть,Нет членов семьи в возрасте 55+ лет и есть до 18 лет
3825,Подключен только к Триколор ТВ,Нет,Нет членов семьи в возрасте 55+ лет и есть до 18 лет
3826,Подключен только к Триколор ТВ,Нет,Есть члены семьи в возрасте 55+ лет и есть до 18 лет
3827,Подключен только к Триколор ТВ,Есть,Нет членов семьи в возрасте 55+ лет и нет до 18 лет
3828,Подключен только к Триколор ТВ,Есть,Есть члены семьи в возрасте 55+ лет и есть до 18 лет
3829,Подключен только к Триколор ТВ,Нет,Есть члены семьи в возрасте 55+ лет и нет до 18 лет
3830,Подключен к Триколор ТВ и к другому оператору спутникового/кабельного ТВ,Есть,Есть члены семьи в возрасте 55+ лет и нет до 18 лет
3831,Подключен только к Триколор ТВ,Нет,Нет членов семьи в возрасте 55+ лет и есть до 18 лет
3832,Подключен только к Триколор ТВ,Есть,Есть члены семьи в возрасте 55+ лет и нет до 18 лет
3833,Подключен к Триколор ТВ и к другому оператору спутникового/кабельного ТВ,Есть,Нет членов семьи в возрасте 55+ лет и есть до 18 лет
3834,Подключен к Триколор ТВ и к другому оператору спутникового/кабельного ТВ,Есть,Нет членов семьи в возрасте 55+ лет и нет до 18 лет
3835,Подключен к Триколор ТВ и к другому оператору спутникового/кабельного ТВ,Есть,Есть члены семьи в возрасте 55+ лет и нет до 18 лет
3836,Подключен только к Триколор ТВ,Нет,Нет членов семьи в возрасте 55+ лет и есть до 18 лет
3837,Подключен только к Триколор ТВ,Нет,Нет членов семьи в возрасте 55+ лет и нет до 18 лет
3838,Подключен только к Триколор ТВ,Есть,Нет членов семьи в возрасте 55+ лет и нет до 18 лет
3839,Подключен только к Триколор ТВ,Нет,Есть члены семьи в возрасте 55+ лет и нет до 18 лет
3840,Подключен только к Триколор ТВ,Есть,Нет членов семьи в возрасте 55+ лет и нет до 18 лет
3841,Подключен к Триколор ТВ и к другому оператору спутникового/кабельного ТВ,Нет,Нет членов семьи в возрасте 55+ лет и есть до 18 лет
3842,Подключен только к Триколор ТВ,Есть,Есть члены семьи в возрасте 55+ лет и нет до 18 лет
3843,Подключен только к Триколор ТВ,Нет,Нет членов семьи в возрасте 55+ лет и нет до 18 лет
3844,Подключен только к Триколор ТВ,Нет,Есть члены семьи в возрасте 55+ лет и нет до 18 лет
3845,Подключен только к Триколор ТВ,Нет,Есть члены семьи в возрасте 55+ лет и нет до 18 лет
3846,Подключен только к Триколор ТВ,Нет,Есть члены семьи в возрасте 55+ лет и нет до 18 лет
3847,Подключен только к Триколор ТВ,Нет,Нет членов семьи в возрасте 55+ лет и есть до 18 лет
3848,Подключен только к Триколор ТВ,Нет,Есть члены семьи в возрасте 55+ лет и нет до 18 лет
3849,Подключен только к Триколор ТВ,Нет,Нет членов семьи в возрасте 55+ лет и нет до 18 лет
3850,Подключен только к Триколор ТВ,Есть,Нет членов семьи в возрасте 55+ лет и есть до 18 лет
3851,Подключен только к Триколор ТВ,Нет,Нет членов семьи в возрасте 55+ лет и нет до 18 лет
3852,Подключен только к Триколор ТВ,Есть,Нет членов семьи в возрасте 55+ лет и нет до 18 лет
3853,Подключен только к Триколор ТВ,Есть,Нет членов семьи в возрасте 55+ лет и нет до 18 лет
3854,Подключен к Триколор ТВ и к другому оператору спутникового/кабельного ТВ,Есть,Нет членов семьи в возрасте 55+ лет и есть до 18 лет
3855,Подключен к Триколор ТВ и к другому оператору спутникового/кабельного ТВ,Есть,Есть члены семьи в возрасте 55+ лет и есть до 18 лет
3856,Подключен только к Триколор ТВ,Есть,Есть члены семьи в возрасте 55+ лет и нет до 18 лет
3857,Подключен только к Триколор ТВ,Есть,Есть члены семьи в возрасте 55+ лет и есть до 18 лет
3858,Подключен только к Триколор ТВ,Есть,Есть члены семьи в возрасте 55+ лет и нет до 18 лет
3859,Подключен только к Триколор ТВ,Нет,Нет членов семьи в возрасте 55+ лет и нет до 18 лет
3860,Подключен только к Триколор ТВ,Есть,Есть члены семьи в возрасте 55+ лет и нет до 18 лет
3861,Подключен только к Триколор ТВ,Есть,Нет членов семьи в возрасте 55+ лет и есть до 18 лет
3862,Подключен к Триколор ТВ и к другому оператору спутникового/кабельного ТВ,Есть,Есть члены семьи в возрасте 55+ лет и нет до 18 лет
3863,Подключен только к Триколор ТВ,Нет,Нет членов семьи в возрасте 55+ лет и нет до 18 лет
3864,Подключен только к Триколор ТВ,Нет,Нет членов семьи в возрасте 55+ лет и есть до 18 лет
3865,Подключен только к Триколор ТВ,Есть,Нет членов семьи в возрасте 55+ лет и есть до 18 лет
3866,Подключен только к Триколор ТВ,Есть,Нет членов семьи в возрасте 55+ лет и есть до 18 лет
3867,Подключен только к Триколор ТВ,Есть,Нет членов семьи в возрасте 55+ лет и есть до 18 лет
3868,Подключен только к Триколор ТВ,Есть,Есть члены семьи в возрасте 55+ лет и есть до 18 лет
3869,Подключен только к Триколор ТВ,Есть,Есть члены семьи в возрасте 55+ лет и нет до 18 лет
3870,Подключен только к Триколор ТВ,Нет,Есть члены семьи в возрасте 55+ лет и нет до 18 лет
3871,Подключен только к Триколор ТВ,Есть,Есть члены семьи в возрасте 55+ лет и есть до 18 лет
3872,Подключен только к Триколор ТВ,Есть,Есть члены семьи в возрасте 55+ лет и нет до 18 лет
3873,Подключен только к Триколор ТВ,Есть,Нет членов семьи в возрасте 55+ лет и есть до 18 лет
3874,Подключен только к Триколор ТВ,Есть,Нет членов семьи в возрасте 55+ лет и нет до 18 лет
3875,Подключен к Триколор ТВ и к другому оператору спутникового/кабельного ТВ,Есть,Нет членов семьи в возрасте 55+ лет и нет до 18 лет
3876,Подключен только к Триколор ТВ,Есть,Есть члены семьи в возрасте 55+ лет и нет до 18 лет
3877,Подключен только к Триколор ТВ,Нет,Есть члены семьи в возрасте 55+ лет и нет до 18 лет
3878,Подключен только к Триколор ТВ,Есть,Нет членов семьи в возрасте 55+ лет и нет до 18 лет
3879,Подключен только к Триколор ТВ,Есть,Нет членов семьи в возрасте 55+ лет и нет до 18 лет
3880,Подключен к Триколор ТВ и к другому оператору спутникового/кабельного ТВ,Есть,Есть члены семьи в возрасте 55+ лет и нет до 18 лет
3881,Подключен только к Триколор ТВ,Есть,Есть члены семьи в возрасте 55+ лет и нет до 18 лет
3882,Подключен только к Триколор ТВ,Есть,Нет членов семьи в возрасте 55+ лет и нет до 18 лет
3883,Подключен только к Триколор ТВ,Нет,Есть члены семьи в возрасте 55+ лет и нет до 18 лет
3884,Подключен только к Триколор ТВ,Есть,Нет членов семьи в возрасте 55+ лет и есть до 18 лет
3885,Подключен только к Триколор ТВ,Нет,Есть члены семьи в возрасте 55+ лет и нет до 18 лет
3886,Подключен только к Триколор ТВ,Нет,Есть члены семьи в возрасте 55+ лет и нет до 18 лет
3887,Подключен только к Триколор ТВ,Есть,Есть члены семьи в возрасте 55+ лет и нет до 18 лет
3888,Подключен только к Триколор ТВ,Есть,Есть члены семьи в возрасте 55+ лет и нет до 18 лет
3889,Подключен только к Триколор ТВ,Нет,Есть члены семьи в возрасте 55+ лет и нет до 18 лет
3890,Подключен только к Триколор ТВ,Есть,Есть члены семьи в возрасте 55+ лет и нет до 18 лет
3891,Подключен только к Триколор ТВ,Есть,Есть члены семьи в возрасте 55+ лет и нет до 18 лет
3892,Подключен только к Триколор ТВ,Нет,Есть члены семьи в возрасте 55+ лет и нет до 18 лет
3893,Подключен к Триколор ТВ и к другому оператору спутникового/кабельного ТВ,Есть,Есть члены семьи в возрасте 55+ лет и нет до 18 лет
3894,Подключен только к Триколор ТВ,Нет,Есть члены семьи в возрасте 55+ лет и нет до 18 лет
3895,Подключен только к Триколор ТВ,Есть,Есть члены семьи в возрасте 55+ лет и нет до 18 лет
3896,Подключен только к Триколор ТВ,Есть,Нет членов семьи в возрасте 55+ лет и нет до 18 лет
3897,Подключен только к Триколор ТВ,Нет,Нет членов семьи в возрасте 55+ лет и нет до 18 лет
3898,Подключен только к Триколор ТВ,Есть,Нет членов семьи в возрасте 55+ лет и нет до 18 лет
3899,Подключен только к Триколор ТВ,Нет,Нет членов семьи в возрасте 55+ лет и есть до 18 лет
3900,Подключен только к Триколор ТВ,Нет,Есть члены семьи в возрасте 55+ лет и нет до 18 лет
3901,Подключен только к Триколор ТВ,Есть,Нет членов семьи в возрасте 55+ лет и есть до 18 лет
3902,Подключен к Триколор ТВ и к другому оператору спутникового/кабельного ТВ,Нет,Есть члены семьи в возрасте 55+ лет и есть до 18 лет
3903,Подключен только к Триколор ТВ,Нет,Нет членов семьи в возрасте 55+ лет и нет до 18 лет
3904,Подключен только к Триколор ТВ,Есть,Есть члены семьи в возрасте 55+ лет и есть до 18 лет
3905,Подключен только к Триколор ТВ,Есть,Нет членов семьи в возрасте 55+ лет и нет до 18 лет
3906,Подключен только к Триколор ТВ,Нет,Есть члены семьи в возрасте 55+ лет и нет до 18 лет
3907,Подключен только к Триколор ТВ,Есть,Есть члены семьи в возрасте 55+ лет и есть до 18 лет
3908,Подключен только к Триколор ТВ,Есть,Нет членов семьи в возрасте 55+ лет и есть до 18 лет
3909,Подключен только к Триколор ТВ,Есть,Есть члены семьи в возрасте 55+ лет и нет до 18 лет
3910,Подключен только к Триколор ТВ,Нет,Есть члены семьи в возрасте 55+ лет и нет до 18 лет
3911,Подключен только к Триколор ТВ,Нет,Есть члены семьи в возрасте 55+ лет и нет до 18 лет
3912,Подключен только к Триколор ТВ,Нет,Есть члены семьи в возрасте 55+ лет и нет до 18 лет
3913,Подключен только к Триколор ТВ,Нет,Есть члены семьи в возрасте 55+ лет и нет до 18 лет
3914,Подключен только к Триколор ТВ,Есть,Нет членов семьи в возрасте 55+ лет и нет до 18 лет
3915,Подключен только к Триколор ТВ,Есть,Нет членов семьи в возрасте 55+ лет и нет до 18 лет
3916,Подключен только к Триколор ТВ,Нет,Есть члены семьи в возрасте 55+ лет и нет до 18 лет
3917,Подключен только к Триколор ТВ,Есть,Есть члены семьи в возрасте 55+ лет и нет до 18 лет
3918,Подключен только к Триколор ТВ,Есть,Нет членов семьи в возрасте 55+ лет и нет до 18 лет
3919,Подключен только к Триколор ТВ,Нет,Есть члены семьи в возрасте 55+ лет и нет до 18 лет
3920,Подключен только к Триколор ТВ,Есть,Нет членов семьи в возрасте 55+ лет и нет до 18 лет
3921,Подключен только к Триколор ТВ,Есть,Есть члены семьи в возрасте 55+ лет и нет до 18 лет
3922,Подключен только к Триколор ТВ,Есть,Нет членов семьи в возрасте 55+ лет и есть до 18 лет
3923,Подключен только к Триколор ТВ,Нет,Есть члены семьи в возрасте 55+ лет и нет до 18 лет
3924,Подключен только к Триколор ТВ,Есть,Есть члены семьи в возрасте 55+ лет и нет до 18 лет
3925,Подключен только к Триколор ТВ,Нет,Нет членов семьи в возрасте 55+ лет и нет до 18 лет
3926,Подключен только к Триколор ТВ,Нет,Есть члены семьи в возрасте 55+ лет и нет до 18 лет
3927,Подключен только к Триколор ТВ,Есть,Есть члены семьи в возрасте 55+ лет и нет до 18 лет
3928,Подключен только к Триколор ТВ,Есть,Нет членов семьи в возрасте 55+ лет и есть до 18 лет
3929,Подключен только к Триколор ТВ,Есть,Есть члены семьи в возрасте 55+ лет и нет до 18 лет
3930,Подключен только к Триколор ТВ,Есть,Нет членов семьи в возрасте 55+ лет и есть до 18 лет
3931,Подключен только к Триколор ТВ,Есть,Есть члены семьи в возрасте 55+ лет и нет до 18 лет
3932,Подключен только к Триколор ТВ,Есть,Есть члены семьи в возрасте 55+ лет и нет до 18 лет
3933,Подключен только к Триколор ТВ,Нет,Есть члены семьи в возрасте 55+ лет и нет до 18 лет
3934,Подключен только к Триколор ТВ,Есть,Есть члены семьи в возрасте 55+ лет и нет до 18 лет
3935,Подключен только к Триколор ТВ,Есть,Есть члены семьи в возрасте 55+ лет и нет до 18 лет
3936,Подключен только к Триколор ТВ,Есть,Есть члены семьи в возрасте 55+ лет и нет до 18 лет
3937,Подключен только к Триколор ТВ,Нет,Нет членов семьи в возрасте 55+ лет и есть до 18 лет
3938,Подключен только к Триколор ТВ,Нет,Нет членов семьи в возрасте 55+ лет и есть до 18 лет
3939,Подключен только к Триколор ТВ,Есть,Есть члены семьи в возрасте 55+ лет и нет до 18 лет
3940,Подключен только к Триколор ТВ,Есть,Есть члены семьи в возрасте 55+ лет и нет до 18 лет
3941,Подключен только к Триколор ТВ,Есть,Есть члены семьи в возрасте 55+ лет и нет до 18 лет
3942,Подключен только к Триколор ТВ,Нет,Нет членов семьи в возрасте 55+ лет и есть до 18 лет
3943,Подключен только к Триколор ТВ,Есть,Нет членов семьи в возрасте 55+ лет и нет до 18 лет
3944,Подключен только к Триколор ТВ,Есть,Нет членов семьи в возрасте 55+ лет и нет до 18 лет
3945,Подключен только к Триколор ТВ,Есть,Нет членов семьи в возрасте 55+ лет и есть до 18 лет
3946,Подключен только к Триколор ТВ,Есть,Нет членов семьи в возрасте 55+ лет и нет до 18 лет
3947,Подключен только к Триколор ТВ,Нет,Есть члены семьи в возрасте 55+ лет и нет до 18 лет
3948,Подключен только к Триколор ТВ,Есть,Нет членов семьи в возрасте 55+ лет и есть до 18 лет
3949,Подключен только к Триколор ТВ,Нет,Есть члены семьи в возрасте 55+ лет и нет до 18 лет
3950,Подключен только к Триколор ТВ,Есть,Нет членов семьи в возрасте 55+ лет и есть до 18 лет
3951,Подключен только к Триколор ТВ,Есть,Нет членов семьи в возрасте 55+ лет и нет до 18 лет
3952,Подключен только к Триколор ТВ,Есть,Нет членов семьи в возрасте 55+ лет и есть до 18 лет
3953,Подключен только к Триколор ТВ,Есть,Нет членов семьи в возрасте 55+ лет и нет до 18 лет
3954,Подключен только к Триколор ТВ,Есть,Нет членов семьи в возрасте 55+ лет и нет до 18 лет
3955,Подключен только к Триколор ТВ,Нет,Нет членов семьи в возрасте 55+ лет и нет до 18 лет
3956,Подключен только к Триколор ТВ,Есть,Есть члены семьи в возрасте 55+ лет и нет до 18 лет
3957,Подключен только к Триколор ТВ,Есть,Есть члены семьи в возрасте 55+ лет и нет до 18 лет
3958,Подключен к Триколор ТВ и к другому оператору спутникового/кабельного ТВ,Есть,Есть члены семьи в возрасте 55+ лет и нет до 18 лет
3959,Подключен только к Триколор ТВ,Нет,Есть члены семьи в возрасте 55+ лет и нет до 18 лет
3960,Подключен только к Триколор ТВ,Есть,Нет членов семьи в возрасте 55+ лет и есть до 18 лет
3961,Подключен только к Триколор ТВ,Есть,Нет членов семьи в возрасте 55+ лет и есть до 18 лет
3962,Подключен только к Триколор ТВ,Есть,Нет членов семьи в возрасте 55+ лет и нет до 18 лет
3963,Подключен только к Триколор ТВ,Есть,Есть члены семьи в возрасте 55+ лет и нет до 18 лет
3964,Подключен только к Триколор ТВ,Нет,Есть члены семьи в возрасте 55+ лет и нет до 18 лет
3965,Подключен только к Триколор ТВ,Есть,Есть члены семьи в возрасте 55+ лет и нет до 18 лет
3966,Подключен только к Триколор ТВ,Нет,Есть члены семьи в возрасте 55+ лет и нет до 18 лет
3967,Подключен только к Триколор ТВ,Есть,Есть члены семьи в возрасте 55+ лет и нет до 18 лет
3968,Подключен только к Триколор ТВ,Есть,Нет членов семьи в возрасте 55+ лет и нет до 18 лет
3969,Подключен только к Триколор ТВ,Нет,Нет членов семьи в возрасте 55+ лет и есть до 18 лет
3970,Подключен только к Триколор ТВ,Есть,Нет членов семьи в возрасте 55+ лет и нет до 18 лет
3971,Подключен только к Триколор ТВ,Есть,Нет членов семьи в возрасте 55+ лет и есть до 18 лет
3972,Подключен только к Триколор ТВ,Есть,Нет членов семьи в возрасте 55+ лет и есть до 18 лет
3973,Подключен к Триколор ТВ и к другому оператору спутникового/кабельного ТВ,Есть,Нет членов семьи в возрасте 55+ лет и нет до 18 лет
3974,Подключен только к Триколор ТВ,Есть,Есть члены семьи в возрасте 55+ лет и нет до 18 лет
3975,Подключен только к Триколор ТВ,Есть,Нет членов семьи в возрасте 55+ лет и нет до 18 лет
3976,Подключен только к Триколор ТВ,Есть,Нет членов семьи в возрасте 55+ лет и есть до 18 лет
3977,Подключен только к Триколор ТВ,Нет,Нет членов семьи в возрасте 55+ лет и нет до 18 лет
3978,Подключен к Триколор ТВ и к другому оператору спутникового/кабельного ТВ,Есть,Нет членов семьи в возрасте 55+ лет и есть до 18 лет
3979,Подключен только к Триколор ТВ,Есть,Есть члены семьи в возрасте 55+ лет и есть до 18 лет
3980,Подключен только к Триколор ТВ,Есть,Есть члены семьи в возрасте 55+ лет и нет до 18 лет
3981,Подключен только к Триколор ТВ,Есть,Нет членов семьи в возрасте 55+ лет и есть до 18 лет
3982,Подключен к Триколор ТВ и к другому оператору спутникового/кабельного ТВ,Есть,Нет членов семьи в возрасте 55+ лет и есть до 18 лет
3983,Подключен только к Триколор ТВ,Есть,Нет членов семьи в возрасте 55+ лет и нет до 18 лет
3984,Подключен только к Триколор ТВ,Есть,Нет членов семьи в возрасте 55+ лет и есть до 18 лет
3985,Подключен к Триколор ТВ и к другому оператору спутникового/кабельного ТВ,Есть,Есть члены семьи в возрасте 55+ лет и нет до 18 лет
3986,Подключен только к Триколор ТВ,Есть,Есть члены семьи в возрасте 55+ лет и нет до 18 лет
3987,Подключен только к Триколор ТВ,Есть,Нет членов семьи в возрасте 55+ лет и есть до 18 лет
3988,Подключен только к Триколор ТВ,Есть,Нет членов семьи в возрасте 55+ лет и есть до 18 лет
3989,Подключен только к Триколор ТВ,Нет,Есть члены семьи в возрасте 55+ лет и нет до 18 лет
3990,Подключен только к Триколор ТВ,Есть,Нет членов семьи в возрасте 55+ лет и нет до 18 лет
3991,Подключен только к Триколор ТВ,Нет,Есть члены семьи в возрасте 55+ лет и нет до 18 лет
3992,Подключен только к Триколор ТВ,Нет,Нет членов семьи в возрасте 55+ лет и нет до 18 лет
3993,Подключен к Триколор ТВ и к другому оператору спутникового/кабельного ТВ,Есть,Нет членов семьи в возрасте 55+ лет и есть до 18 лет
3994,Подключен только к Триколор ТВ,Есть,Есть члены семьи в возрасте 55+ лет и нет до 18 лет
3995,Подключен только к Триколор ТВ,Нет,Есть члены семьи в возрасте 55+ лет и нет до 18 лет
3996,Подключен к Триколор ТВ и к другому оператору спутникового/кабельного ТВ,Нет,Есть члены семьи в возрасте 55+ лет и нет до 18 лет
3997,Подключен только к Триколор ТВ,Есть,Есть члены семьи в возрасте 55+ лет и нет до 18 лет
3998,Подключен только к Триколор ТВ,Нет,Нет членов семьи в возрасте 55+ лет и нет до 18 лет
3999,Подключен только к Триколор ТВ,Есть,Нет членов семьи в возрасте 55+ лет и нет до 18 лет
4000,Подключен только к Триколор ТВ,Нет,Есть члены семьи в возрасте 55+ лет и нет до 18 лет
4001,Подключен только к Триколор ТВ,Есть,Нет членов семьи в возрасте 55+ лет и нет до 18 лет
4002,Подключен только к Триколор ТВ,Есть,Есть члены семьи в возрасте 55+ лет и нет до 18 лет
4003,Подключен только к Триколор ТВ,Есть,Нет членов семьи в возрасте 55+ лет и нет до 18 лет
4004,Подключен только к Триколор ТВ,Есть,Есть члены семьи в возрасте 55+ лет и нет до 18 лет
4005,Подключен только к Триколор ТВ,Есть,Нет членов семьи в возрасте 55+ лет и есть до 18 лет
4006,Подключен только к Триколор ТВ,Нет,Есть члены семьи в возрасте 55+ лет и нет до 18 лет
4007,Подключен только к Триколор ТВ,Есть,Есть члены семьи в возрасте 55+ лет и нет до 18 лет
4008,Подключен только к Триколор ТВ,Есть,Нет членов семьи в возрасте 55+ лет и есть до 18 лет
4009,Подключен только к Триколор ТВ,Есть,Есть члены семьи в возрасте 55+ лет и нет до 18 лет
4010,Подключен только к Триколор ТВ,Нет,Нет членов семьи в возрасте 55+ лет и есть до 18 лет
4011,Подключен только к Триколор ТВ,Есть,Нет членов семьи в возрасте 55+ лет и есть до 18 лет
4012,Подключен к Триколор ТВ и к другому оператору спутникового/кабельного ТВ,Есть,Есть члены семьи в возрасте 55+ лет и нет до 18 лет
4013,Подключен только к Триколор ТВ,Есть,Есть члены семьи в возрасте 55+ лет и нет до 18 лет
4014,Подключен только к Триколор ТВ,Есть,Есть члены семьи в возрасте 55+ лет и нет до 18 лет
4015,Подключен только к Триколор ТВ,Есть,Нет членов семьи в возрасте 55+ лет и нет до 18 лет
4016,Подключен к Триколор ТВ и к другому оператору спутникового/кабельного ТВ,Есть,Нет членов семьи в возрасте 55+ лет и есть до 18 лет
4017,Подключен только к Триколор ТВ,Есть,Нет членов семьи в возрасте 55+ лет и есть до 18 лет
4018,Подключен только к Триколор ТВ,Нет,Есть члены семьи в возрасте 55+ лет и нет до 18 лет
4019,Подключен только к Триколор ТВ,Нет,Есть члены семьи в возрасте 55+ лет и есть до 18 лет
4020,Подключен только к Триколор ТВ,Есть,Есть члены семьи в возрасте 55+ лет и нет до 18 лет
4021,Подключен только к Триколор ТВ,Есть,Нет членов семьи в возрасте 55+ лет и есть до 18 лет
4022,Подключен только к Триколор ТВ,Нет,Нет членов семьи в возрасте 55+ лет и нет до 18 лет
4023,Подключен только к Триколор ТВ,Есть,Есть члены семьи в возрасте 55+ лет и нет до 18 лет
4024,Подключен к Триколор ТВ и к другому оператору спутникового/кабельного ТВ,Нет,Есть члены семьи в возрасте 55+ лет и нет до 18 лет
4025,Подключен только к Триколор ТВ,Нет,Нет членов семьи в возрасте 55+ лет и нет до 18 лет
4026,Подключен только к Триколор ТВ,Есть,Есть члены семьи в возрасте 55+ лет и нет до 18 лет
4027,Подключен только к Триколор ТВ,Есть,Нет членов семьи в возрасте 55+ лет и есть до 18 лет
4028,Подключен только к Триколор ТВ,Нет,Есть члены семьи в возрасте 55+ лет и нет до 18 лет
4029,Подключен только к Триколор ТВ,Есть,Есть члены семьи в возрасте 55+ лет и нет до 18 лет
4030,Подключен только к Триколор ТВ,Есть,Нет членов семьи в возрасте 55+ лет и нет до 18 лет
4031,Подключен только к Триколор ТВ,Есть,Нет членов семьи в возрасте 55+ лет и есть до 18 лет
4032,Подключен только к Триколор ТВ,Есть,Нет членов семьи в возрасте 55+ лет и есть до 18 лет
4033,Подключен только к Триколор ТВ,Есть,Нет членов семьи в возрасте 55+ лет и нет до 18 лет
4034,Подключен только к Триколор ТВ,Нет,Есть члены семьи в возрасте 55+ лет и нет до 18 лет
4035,Подключен только к Триколор ТВ,Есть,Нет членов семьи в возрасте 55+ лет и нет до 18 лет
4036,Подключен только к Триколор ТВ,Есть,Нет членов семьи в возрасте 55+ лет и нет до 18 лет
4037,Подключен только к Триколор ТВ,Нет,Есть члены семьи в возрасте 55+ лет и нет до 18 лет
4038,Подключен только к Триколор ТВ,Нет,Есть члены семьи в возрасте 55+ лет и нет до 18 лет
4039,Подключен только к Триколор ТВ,Есть,Нет членов семьи в возрасте 55+ лет и нет до 18 лет
4040,Подключен только к Триколор ТВ,Есть,Нет членов семьи в возрасте 55+ лет и есть до 18 лет
4041,Подключен только к Триколор ТВ,Нет,Есть члены семьи в возрасте 55+ лет и нет до 18 лет
4042,Подключен только к Триколор ТВ,Есть,Нет членов семьи в возрасте 55+ лет и есть до 18 лет
4043,Подключен только к Триколор ТВ,Нет,Есть члены семьи в возрасте 55+ лет и нет до 18 лет
4044,Подключен только к Триколор ТВ,Есть,Есть члены семьи в возрасте 55+ лет и нет до 18 лет
4045,Подключен только к Триколор ТВ,Нет,Есть члены семьи в возрасте 55+ лет и нет до 18 лет
4046,Подключен к Триколор ТВ и к другому оператору спутникового/кабельного ТВ,Есть,Нет членов семьи в возрасте 55+ лет и есть до 18 лет
4047,Подключен только к Триколор ТВ,Есть,Нет членов семьи в возрасте 55+ лет и нет до 18 лет
4048,Подключен только к Триколор ТВ,Есть,Нет членов семьи в возрасте 55+ лет и есть до 18 лет
4049,Подключен только к Триколор ТВ,Нет,Есть члены семьи в возрасте 55+ лет и нет до 18 лет
4050,Подключен только к Триколор ТВ,Нет,Нет членов семьи в возрасте 55+ лет и есть до 18 лет
4051,Подключен только к Триколор ТВ,Есть,Есть члены семьи в возрасте 55+ лет и нет до 18 лет
4052,Подключен только к Триколор ТВ,Есть,Нет членов семьи в возрасте 55+ лет и есть до 18 лет
4053,Подключен только к Триколор ТВ,Нет,Есть члены семьи в возрасте 55+ лет и нет до 18 лет
4054,Подключен только к Триколор ТВ,Есть,Есть члены семьи в возрасте 55+ лет и нет до 18 лет